Workbook
Name QZ_ACH: 'Quick Zone'!$C$13
Name QZ_ACHFail: 'Quick Zone'!$C$15
Name QZ_Activity: 'Quick Zone'!$C$8
Name QZ_AIT: 'Quick Zone Calc'!$C$13
Name QZ_Amount: 'Quick Zone'!$C$7
Name QZ_AntA: 'Quick Zone Calc'!$C$15
Name QZ_AntB: 'Quick Zone Calc'!$C$16
Name QZ_AntC: 'Quick Zone Calc'!$C$17
Name QZ_AtBP: 'Quick Zone Calc'!$C$31
Name QZ_Avail: 'Quick Zone'!$C$14
Name QZ_Basis0: 'Quick Zone Calc'!$C$110
Name QZ_Basis1: 'Quick Zone Calc'!$C$115
Name QZ_Basis2: 'Quick Zone Calc'!$C$120
Name QZ_BelowFP: 'Quick Zone Calc'!$C$30
Name QZ_BP: 'Quick Zone Calc'!$C$11
Name QZ_BundArea: 'Quick Zone'!$C$19
Name QZ_C: 'Quick Zone Calc'!$C$27
Name QZ_C2: 'Quick Zone Calc'!$C$28
Name QZ_Capped0: 'Quick Zone Calc'!$C$109
Name QZ_Capped1: 'Quick Zone Calc'!$C$114
Name QZ_Capped2: 'Quick Zone Calc'!$C$119
Name QZ_Cd: 'Quick Zone'!$C$29
Name QZ_DispRate: 'Quick Zone Calc'!$C$42
Name QZ_EPL0: 'Quick Zone Calc'!$C$98
Name QZ_EPL1: 'Quick Zone Calc'!$C$99
Name QZ_EPL2: 'Quick Zone Calc'!$C$100
Name QZ_Equip: 'Quick Zone Calc'!$C$122
Name QZ_EvapFlux: 'Quick Zone Calc'!$C$40
Name QZ_f: 'Quick Zone Calc'!$C$26
Name QZ_FillRate: 'Quick Zone'!$C$23
Name QZ_fIn: 'Quick Zone'!$C$26
Name QZ_fOut: 'Quick Zone'!$C$27
Name QZ_FP: 'Quick Zone Calc'!$C$12
Name QZ_FPMargin: 'Quick Zone'!$C$30
Name QZ_Gamma: 'Quick Zone Calc'!$C$9
Name QZ_Gov0: 'Quick Zone Calc'!$C$106
Name QZ_Gov1: 'Quick Zone Calc'!$C$111
Name QZ_Gov2: 'Quick Zone Calc'!$C$116
Name QZ_GovSized0: 'Quick Zone Calc'!$C$107
Name QZ_GovSized1: 'Quick Zone Calc'!$C$112
Name QZ_GovSized2: 'Quick Zone Calc'!$C$117
Name QZ_Group: 'Quick Zone Calc'!$C$14
Name QZ_Headline: 'Quick Zone Calc'!$C$82
Name QZ_Heavy: 'Quick Zone Calc'!$C$24
Name QZ_HoleArea: 'Quick Zone'!$C$28
Name QZ_Interior: 'Quick Zone Calc'!$C$32
Name QZ_IsGas: 'Quick Zone Calc'!$C$6
Name QZ_LELm: 'Quick Zone Calc'!$C$22
Name QZ_LFL: 'Quick Zone Calc'!$C$8
Name QZ_Limited: 'Quick Zone Calc'!$C$105
Name QZ_Location: 'Quick Zone'!$C$9
Name QZ_Low: 'Quick Zone Calc'!$C$104
Name QZ_M: 'Quick Zone Calc'!$C$7
Name QZ_M_All: 'Quick Zone Calc'!$C$48
Name QZ_M_Charge: 'Quick Zone Calc'!$C$50
Name QZ_M_Fill: 'Quick Zone Calc'!$C$49
Name QZ_MouthArea: 'Quick Zone'!$C$20
Name QZ_NE0: 'Quick Zone Calc'!$C$89
Name QZ_NE1: 'Quick Zone Calc'!$C$90
Name QZ_NE2: 'Quick Zone Calc'!$C$91

Sheet Quick Zone
B2: DSEAR Quick Zone | F2: Gas and vapour zoning to IEC 60079-10-1
B3: Pick a substance and an activity, then enter the amount. Yellow cells are inputs; everything else updates as you type.
B5: 1. What you’re handling | F5: Result
B6: Substance | C6: Toluene | D6: Add more on the Substances sheet | F6: =IF(QZ_Substance="","Choose a substance",QZ_Headline) -> Zone 0, Zone 1 and Zone 2
B7: Amount | C7: 25 | D7: =IF(QZ_Phase="Gas","kg of gas in the system","litres handled in one go") -> litres handled in one go | F7: =QZ_Subline -> Toluene · 25 litres · decanting / filling / sampling · indoors
B8: Activity | C8: Decanting / filling / sampling | D8: Sets which sources of release exist | F8: Zone | G8: Extent from the activity | I8: Equipment (EPL)
B9: Indoor or outdoor | C9: Indoor | F9: Zone 0 | G9: =QZ_Z0Text -> Inside the container | I9: =QZ_EPL0 -> Ga
B10: Temperature (°C) | C10: 20 | D10: Of the liquid or gas | G10: =QZ_Basis0 -> Vapour space inside the receiving container.
B11: Gas pressure (barg) | C11: 10 | D11: Gases only | F11: Zone 1 | G11: =QZ_Z1Text -> 0.52 m | I11: =QZ_EPL1 -> Gb
B12: Room volume (m³) | C12: 100 | D12: Indoors only | G12: =QZ_Basis1 -> Vapour pushed out of the container mouth while filling. Limited by the amount handled.
B13: Air changes per hour | C13: 3 | D13: 1 natural, 3–6 mechanical, 10+ LEV | F13: Zone 2 | G13: =QZ_Z2Text -> 2.65 m | I13: =QZ_EPL2 -> Gc
B14: Ventilation availability | C14: Good | D14: Fair or poor if it can fail | G14: =QZ_Basis2 -> Spill of the full amount.
B15: Air changes if ventilation fails | C15: 0.5 | D15: Closed building: about 0.25–1 | F15: Equipment | G15: =QZ_Equip -> Gas group IIA · temperature class T1 or better · AIT 480 °C
B17: 2. Assumptions | F17: Plan view
B18: Spill depth (mm) | C18: 5 | D18: Amount ÷ depth = pool area
B19: Bund or drip-tray area (m²) | D19: Optional. Caps the spill area
B20: Container mouth while filling (m²) | C20: 0.01 | D20: 0.01 m² is about 110 mm across
B21: Open surface: vessel, tin or tray (m²) | C21: 0.1 | D21: 0.1 m² is about 360 mm across
B22: Wet area: rag and wiped surface (m²) | C22: 0.2 | D22: Rags activity only
B23: Filling or charging rate (L/min) | C23: 20 | D23: Pushes vapour out of the opening
B24: Air speed over liquid, indoors (m/s) | C24: 0.3
B25: Air speed over liquid, outdoors (m/s) | C25: 0.5
B26: Ventilation efficiency f, indoors | C26: 2 | D26: 1 perfect mixing, 5 very poor
B27: Ventilation efficiency f, outdoors | C27: 1
B28: Gas leak hole area (mm²) | C28: 0.25 | D28: Small flange or valve, IEC Table B.1
B29: Discharge coefficient Cd | C29: 0.75
B30: Flash point margin (°C) | C30: 5 | D30: This far below flash point: no zone
B31: Safety factor k on LFL | C31: =TEXT(Tables!$B$15,"0.00")&" / "&TEXT(Tables!$B$16,"0.00")&" / "&TEXT(Tables!$B$17,"0.00") -> 0.25 / 0.25 / 0.50 | D31: Cont. / primary / secondary, on Tables
F32: Looking down on the point of activity. Rings are drawn to scale; the spoke shows metres.
B34: 3. How each zone is sized
B35: Grade of release | C35: Source of release | F35: Release (g/s) | G35: Ventilation | H35: Vz used (m³) | I35: Zone (IEC Table D.1)
B36: Continuous | C36: =IF(OR(QZ_Substance="",QZ_Sel=""),"",INDEX(QZ_SrcText,(QZ_Sel-1)*3+1)) -> Vapour space inside the receiving container | F36: =IF(OR(QZ_Substance="",QZ_Sel=""),"",IFERROR(INDEX(QZ_SrcRate,(QZ_Sel-1)*3+1)*1000,"–")) -> – | G36: =IF(OR(QZ_Substance="",QZ_Sel=""),"",INDEX(QZ_SrcDeg,(QZ_Sel-1)*3+1)) -> – | H36: =IF(OR(QZ_Substance="",QZ_Sel=""),"",INDEX(QZ_SrcVz,(QZ_Sel-1)*3+1)) -> – | I36: =IF(OR(QZ_Substance="",QZ_Sel=""),"",IF(NOT(INDEX(QZ_SrcApplies,(QZ_Sel-1)*3+1)),IF(QZ_IsGas,"None: no air inside","None: below flash point"),IF(NOT(INDEX(QZ_SrcSized,(QZ_Sel-1)*3+1)),"Zone 0 inside only",INDEX(QZ_SrcD1,(QZ_Sel-1)*3+1)))) -> Zone 0 inside only
B37: Primary | C37: =IF(OR(QZ_Substance="",QZ_Sel=""),"",INDEX(QZ_SrcText,(QZ_Sel-1)*3+2)) -> Vapour pushed out of the container mouth while filling | F37: =IF(OR(QZ_Substance="",QZ_Sel=""),"",IFERROR(INDEX(QZ_SrcRate,(QZ_Sel-1)*3+2)*1000,"–")) -> 0.037312266 | G37: =IF(OR(QZ_Substance="",QZ_Sel=""),"",INDEX(QZ_SrcDeg,(QZ_Sel-1)*3+2)) -> Medium | H37: =IF(OR(QZ_Substance="",QZ_Sel=""),"",INDEX(QZ_SrcVz,(QZ_Sel-1)*3+2)) -> 0.29218211 | I37: =IF(OR(QZ_Substance="",QZ_Sel=""),"",IF(NOT(INDEX(QZ_SrcApplies,(QZ_Sel-1)*3+2)),"None",IF(NOT(INDEX(QZ_SrcSized,(QZ_Sel-1)*3+2)),"Zone 0 inside only",INDEX(QZ_SrcD1,(QZ_Sel-1)*3+2)))) -> Zone 1
B38: Secondary | C38: =IF(OR(QZ_Substance="",QZ_Sel=""),"",INDEX(QZ_SrcText,(QZ_Sel-1)*3+3)) -> Spill of the full amount | F38: =IF(OR(QZ_Substance="",QZ_Sel=""),"",IFERROR(INDEX(QZ_SrcRate,(QZ_Sel-1)*3+3)*1000,"–")) -> 0.31249379 | G38: =IF(OR(QZ_Substance="",QZ_Sel=""),"",INDEX(QZ_SrcDeg,(QZ_Sel-1)*3+3)) -> Medium | H38: =IF(OR(QZ_Substance="",QZ_Sel=""),"",INDEX(QZ_SrcVz,(QZ_Sel-1)*3+3)) -> 39.152848 | I38: =IF(OR(QZ_Substance="",QZ_Sel=""),"",IF(NOT(INDEX(QZ_SrcApplies,(QZ_Sel-1)*3+3)),"None",IF(NOT(INDEX(QZ_SrcSized,(QZ_Sel-1)*3+3)),"Zone 0 inside only",INDEX(QZ_SrcD1,(QZ_Sel-1)*3+3)))) -> Zone 2
B40: 4. Compare activities
B41: Activity | C41: Zone 0 | F41: Zone 1 | H41: Zone 2 | J41: Highest EPL
B42: =Tables!$A$43 -> Closed containers / sealed system | C42: ='Quick Zone Calc'!$M$74 -> Inside the containers | F42: ='Quick Zone Calc'!$N$74 -> None | H42: ='Quick Zone Calc'!$O$74 -> 2.65 m | J42: ='Quick Zone Calc'!$AB$74 -> Ga
B43: =Tables!$A$44 -> Decanting / filling / sampling | C43: ='Quick Zone Calc'!$M$75 -> Inside the container | F43: ='Quick Zone Calc'!$N$75 -> 0.52 m | H43: ='Quick Zone Calc'!$O$75 -> 2.65 m | J43: ='Quick Zone Calc'!$AB$75 -> Ga
B44: =Tables!$A$45 -> Open vessel / continuous emission | C44: ='Quick Zone Calc'!$M$76 -> Inside + 0.91 m | F44: ='Quick Zone Calc'!$N$76 -> Within Zone 0 | H44: ='Quick Zone Calc'!$O$76 -> 2.65 m | J44: ='Quick Zone Calc'!$AB$76 -> Ga
B45: =Tables!$A$46 -> Open tin or tray | C45: ='Quick Zone Calc'!$M$77 -> Inside + 0.91 m | F45: ='Quick Zone Calc'!$N$77 -> None | H45: ='Quick Zone Calc'!$O$77 -> 2.65 m | J45: ='Quick Zone Calc'!$AB$77 -> Ga
B46: =Tables!$A$47 -> Wiping with solvent rags | C46: ='Quick Zone Calc'!$M$78 -> Inside the solvent container | F46: ='Quick Zone Calc'!$N$78 -> 1.14 m | H46: ='Quick Zone Calc'!$O$78 -> 2.65 m | J46: ='Quick Zone Calc'!$AB$78 -> Ga
B48: 5. Notes
B49: =QZ_Notes -> • Heavier than air: extend each zone down to the floor, the same distance across it, and into pits, drains and trenches. • Some releases are limited by the amount handled in one go. If the job repeats back to back, enter the amount per hour instead. • Distances are exact, with the safety factor k on the LFL. Final extents still need judgement on release direction, obstructions and openings.
B51: This sheet supports, and does not replace, a competent-person DSEAR assessment. Check substance data against the SDS.
B52: See the workings on the Quick Zone Calc sheet | F52: Multiple sources or unusual releases: use the Gas-Vapour sheet

Sheet Read Me
B2: DSEAR Zoning Calculator
B3: A screening tool for hazardous area classification under DSEAR. Gas and vapour zoning follows IEC 60079-10-1: release rate, hypothetical volume Vz, degree and availability of ventilation, then the zone, EPL, gas group and T-class. Dust zoning follows IEC 60079-10-2.
B4: Sheets
B5: Quick Zone: pick a substance, an activity and an amount, and get the Zone 0, 1 and 2 extents with a plan view.
B6: Gas-Vapour: one row per source of release, up to 50 rows. Yellow is input, grey is from the library and green is a result.
B7: Dust: one row per dust source, up to 40 rows.
B8: Substances and Dusts: material property libraries. Add rows to extend the dropdowns.
B9: Tables: constants, k factors, the zone matrix and the T-class table used by every formula.
B10: Quick Zone Calc: the workings behind Quick Zone, source by source.
B11: Why some activities have three zones
B12: Each source of release has one grade. A continuous grade gives Zone 0, a primary grade gives Zone 1 and a secondary grade gives Zone 2. One activity can involve several sources at once, and their zones nest inside each other.
B13: Decanting, filling and sampling have all three. The vapour space inside the receiving container is continuous (Zone 0), vapour pushed out of the container mouth while filling is primary (Zone 1), and a spill of the full amount is secondary (Zone 2).
... B52: • This workbook supports, and does not replace, a competent-person DSEAR assessment.

Sheet Gas-Vapour
A1: Gas and vapour sources: IEC 60079-10-1 hypothetical volume (Vz) method
A2: One row per source of release. Fill the yellow cells; grey cells come from the Substances sheet and green cells are results. Example rows 8 to 11 show the expected format, so overwrite or clear them.
A3: Vz is not the zone extent: the radius is an indicative size only. Final zone extents need assessor judgement (release direction, obstructions, heavier-than-air spread). See the Read Me sheet for equations and limitations.
B4: Input | D4: From library | F4: Calculation | H4: Result
A6: Inputs: source of release | U6: Substance data | AD6: Release rate | AL6: Ventilation and zone
A7: Ref | B7: Source of release / location | C7: Substance | D7: Release type | E7: Grade of release | F7: Indoor / Outdoor | G7: Pressure (barg) | H7: Process / liquid temp (°C) | I7: Ambient temp (°C) | J7: Hole area S (mm²) | K7: Discharge coeff. Cd | L7: Compress-ibility Z | M7: Vaporised fraction (liquid jet, blank = auto) | N7: Pool area (m²) | O7: Air velocity over pool (m/s) | P7: Vapour pressure override (kPa) | Q7: Room volume V0 (m³) | R7: Air changes per hour | S7: Ventilation efficiency f (1–5) | T7: Availability of ventilation | U7: M (kg/kmol) | V7: LFL (vol%) | W7: γ | X7: Liquid density (kg/m³) | Y7: Boiling point (°C) | Z7: Flash point (°C) | AA7: AIT (°C) | AB7: Gas group | AC7: Rel. vapour density (air = 1) | AD7: Pressure p (Pa abs) | AE7: Process temp T (K) | AF7: Ambient temp Ta (K) | AG7: Critical pressure pc (Pa abs) | AH7: Gas flow regime | AI7: Vapour pressure pv (kPa) | AJ7: Liquid discharge (kg/s) | AK7: Vapour release rate dG/dt (kg/s) | AL7: LELm (kg/m³) | AM7: k | AN7: (dV/dt)min (m³/s) | AO7: Air changes C (s⁻¹) | AP7: Hypothetical volume Vz (m³) | AQ7: Degree of ventilation | AR7: Persistence time t (min) | AS7: ZONE | AT7: Indicative radius, hemisphere of Vz (m) | AU7: Required EPL | AV7: Min. equipment group / T-class | AW7: Flags / notes
A8: G1 | B8: Propane line flange, LPG compound | C8: Propane | D8: Gas/vapour jet | E8: Secondary | F8: Outdoor | G8: 10 | H8: 20 | I8: 20 | J8: 2.5 | K8: 0.75 | L8: 1 | S8: 1 | T8: Good | U8: =IF($C8="","",IFERROR(IF(INDEX(Substances!$C$2:$C$60,MATCH($C8,Substances!$A$2:$A$60,0))="","",INDEX(Substances!$C$2:$C$60,MATCH($C8,Substances!$A$2:$A$60,0))),"—")) -> 44.1 | V8: =IF($C8="","",IFERROR(IF(INDEX(Substances!$D$2:$D$60,MATCH($C8,Substances!$A$2:$A$60,0))="","",INDEX(Substances!$D$2:$D$60,MATCH($C8,Substances!$A$2:$A$60,0))),"—")) -> 1.7 | W8: =IF($C8="","",IFERROR(IF(INDEX(Substances!$F$2:$F$60,MATCH($C8,Substances!$A$2:$A$60,0))="","",INDEX(Substances!$F$2:$F$60,MATCH($C8,Substances!$A$2:$A$60,0))),"—")) -> 1.13 | X8: =IF($C8="","",IFERROR(IF(INDEX(Substances!$G$2:$G$60,MATCH($C8,Substances!$A$2:$A$60,0))="","",INDEX(Substances!$G$2:$G$60,MATCH($C8,Substances!$A$2:$A$60,0))),"—")) -> 493 | Y8: =IF($C8="","",IFERROR(IF(INDEX(Substances!$H$2:$H$60,MATCH($C8,Substances!$A$2:$A$60,0))="","",INDEX(Substances!$H$2:$H$60,MATCH($C8,Substances!$A$2:$A$60,0))),"—")) -> -42.1 | Z8: =IF($C8="","",IFERROR(IF(INDEX(Substances!$I$2:$I$60,MATCH($C8,Substances!$A$2:$A$60,0))="","",INDEX(Substances!$I$2:$I$60,MATCH($C8,Substances!$A$2:$A$60,0))),"—")) | AA8: =IF($C8="","",IFERROR(IF(INDEX(Substances!$J$2:$J$60,MATCH($C8,Substances!$A$2:$A$60,0))="","",INDEX(Substances!$J$2:$J$60,MATCH($C8,Substances!$A$2:$A$60,0))),"—")) -> 450 | AB8: =IF($C8="","",IFERROR(IF(INDEX(Substances!$K$2:$K$60,MATCH($C8,Substances!$A$2:$A$60,0))="","",INDEX(Substances!$K$2:$K$60,MATCH($C8,Substances!$A$2:$A$60,0))),"—")) -> IIA | AC8: =IF($C8="","",IFERROR($U8/28.96,"—")) -> 1.5227901 | AD8: =IF($C8="","",IFERROR(N($G8)*100000+Tables!$B$4,"—")) -> 1101325 | AE8: =IF($C8="","",IFERROR($H8+273.15,"—")) -> 293.15 | AF8: =IF($C8="","",IFERROR($I8+273.15,"—")) -> 293.15 | AG8: =IF($C8="","",IFERROR(IF($D8="Gas/vapour jet",Tables!$B$4*(($W8+1)/2)^($W8/($W8-1)),"n/a"),"—")) -> 175165.2 | AH8: =IF($C8="","",IFERROR(IF($D8="Gas/vapour jet",IF($AD8>$AG8,"Choked","Subsonic"),"n/a"),"—")) -> Choked | AI8: =IF($C8="","",IFERROR(IF($D8="Gas/vapour jet","n/a",MIN(101.325,IF($P8<>"",$P8,IF(N(INDEX(Substances!$L$2:$L$60,MATCH($C8,Substances!$A$2:$A$60,0)))<>0,0.133322*10^(INDEX(Substances!$L$2:$L$60,MATCH($C8,Substances!$A$2:$A$60,0))-INDEX(Substances!$M$2:$M$60,MATCH($C8,Substances!$A$2:$A$60,0))/(INDEX(Substances!$N$2:$N$60,MATCH($C8,Substances!$A$2:$A$60,0))+$H8)),101.325*EXP(10.58*(1-($Y8+273.15)/$AE8)))))),"—")) -> n/a | AJ8: =IF($C8="","",IFERROR(IF($D8="Liquid jet",$K8*$J8*0.000001*SQRT(2*$X8*N($G8)*100000),"n/a"),"—")) -> n/a | AK8: =IF($C8="","",IFERROR(IF($D8="Gas/vapour jet",IF($AH8="Choked",$K8*$J8*0.000001*$AD8*SQRT($W8*$U8/($L8*Tables!$B$5*$AE8)*(2/($W8+1))^(($W8+1)/($W8-1))),$K8*$J8*0.000001*$AD8*SQRT($U8/($L8*Tables!$B$5*$AE8)*(2*$W8/($W8-1))*(1-(Tables!$B$4/$AD8)^(($W8-1)/$W8))*(Tables!$B$4/$AD8)^(2/$W8))),IF($D8="Liquid jet",$AJ8*IF($M8<>"",$M8,IF($H8>=$Y8,1,0)),6.55*$O8^0.78*$N8*$AI8*$U8^0.667/(Tables!$B$5*$AE8))),"—")) -> 0.0055740252 | AL8: =IF($C8="","",IFERROR(Tables!$B$10*$U8*$V8,"—")) -> 0.03118752 | AM8: =IF($C8="","",IFERROR(INDEX(Tables!$B$15:$B$17,MATCH($E8,Tables!$A$15:$A$17,0)),"—")) -> 0.5 | AN8: =IF($C8="","",IFERROR($AK8/($AM8*$AL8)*$AF8/Tables!$B$9,"—")) -> 0.35763528 | AO8: =IF($C8="","",IFERROR(IF($F8="Outdoor",Tables!$B$8,$R8/3600),"—")) -> 0.03 | AP8: =IF($C8="","",IFERROR($S8*$AN8/$AO8,"—")) -> 11.921176 | AQ8: =IF($C8="","",IFERROR(IF($AP8<Tables!$B$7,"High",IF($F8="Outdoor","Medium",IF($AP8<$Q8,"Medium","Low"))),"—")) -> Medium | AR8: =IF($C8="","",IFERROR(-$S8/$AO8*LN($V8*$AM8/Tables!$B$6)/60,"—")) -> 2.6487162 | AS8: =IF($C8="","",IFERROR(INDEX(Tables!$B$22:$J$24,MATCH($E8,Tables!$A$22:$A$24,0),MATCH($AQ8&"-"&$T8,Tables!$B$21:$J$21,0)),"—")) -> Zone 2 | AT8: =IF($C8="","",IFERROR((3*$AP8/(2*PI()))^(1/3),"—")) -> 1.7854739 | AU8: =IF($C8="","",IFERROR(IF(ISNUMBER(SEARCH("Zone 0",IFERROR(LEFT($AS8,FIND("(",$AS8)-1),$AS8))),"Ga",IF(ISNUMBER(SEARCH("Zone 1",IFERROR(LEFT($AS8,FIND("(",$AS8)-1),$AS8))),"Gb",IF(ISNUMBER(SEARCH("Zone 2",IFERROR(LEFT($AS8,FIND("(",$AS8)-1),$AS8))),"Gc","None required"))),"—")) -> Gc | AV8: =IF($C8="","",IFERROR(IF($AU8="None required","—",$AB8&" "&INDEX(Tables!$B$31:$B$37,MATCH($AA8-0.001,Tables!$A$31:$A$37,1))),"—")) -> IIA T2 | AW8: =IF($C8="","",TRIM(IF(IF(ISNUMBER($Z8),$H8<$Z8-5,FALSE()),"Handled >5°C below flash point — may not need zoning (unless mist/spray). ","")&IF(IF(AND($D8="Pool evaporation",ISNUMBER($Y8)),$H8>=$Y8,FALSE()),"Liquid at/above boiling point — pool equation not valid, treat as gas release. ","")&IF(IF(AND($D8="Liquid jet",$M8="",ISNUMBER($Y8)),$H8<$Y8,FALSE()),"Non-flashing liquid: vapour rate set to 0 — model the resulting pool on its own row. ","")&IF(AND($D8="Gas/vapour jet",NOT(ISNUMBER($W8))),"No γ in library for this substance. ","")&IF(IF(ISNUMBER($AC8),$AC8>1.2,FALSE()),"Heavier than air — extend zone at low level / into pits and drains. ","")&IF($AQ8="Low","Vz ≥ V0: ventilation cannot control the release — whole room affected. ","")&IF(AND($F8="Indoor",OR($Q8="",$R8="")),"Indoor: enter room volume and air changes. ",""))) -> Heavier than air — extend zone at low level / into pits and drains.
A9: G2 | B9: Natural gas regulator flange, boiler house | C9: Methane | D9: Gas/vapour jet | E9: Secondary | F9: Indoor | G9: 2 | H9: 20 | I9: 20 | J9: 1 | K9: 0.75 | L9: 1 | Q9: 200 | R9: 3 | S9: 2 | T9: Fair | U9: =IF($C9="","",IFERROR(IF(INDEX(Substances!$C$2:$C$60,MATCH($C9,Substances!$A$2:$A$60,0))="","",INDEX(Substances!$C$2:$C$60,MATCH($C9,Substances!$A$2:$A$60,0))),"—")) -> 16.04 | V9: =IF($C9="","",IFERROR(IF(INDEX(Substances!$D$2:$D$60,MATCH($C9,Substances!$A$2:$A$60,0))="","",INDEX(Substances!$D$2:$D$60,MATCH($C9,Substances!$A$2:$A$60,0))),"—")) -> 4.4 | W9: =IF($C9="","",IFERROR(IF(INDEX(Substances!$F$2:$F$60,MATCH($C9,Substances!$A$2:$A$60,0))="","",INDEX(Substances!$F$2:$F$60,MATCH($C9,Substances!$A$2:$A$60,0))),"—")) -> 1.31 | X9: =IF($C9="","",IFERROR(IF(INDEX(Substances!$G$2:$G$60,MATCH($C9,Substances!$A$2:$A$60,0))="","",INDEX(Substances!$G$2:$G$60,MATCH($C9,Substances!$A$2:$A$60,0))),"—")) | Y9: =IF($C9="","",IFERROR(IF(INDEX(Substances!$H$2:$H$60,MATCH($C9,Substances!$A$2:$A$60,0))="","",INDEX(Substances!$H$2:$H$60,MATCH($C9,Substances!$A$2:$A$60,0))),"—")) -> -161.5 | Z9: =IF($C9="","",IFERROR(IF(INDEX(Substances!$I$2:$I$60,MATCH($C9,Substances!$A$2:$A$60,0))="","",INDEX(Substances!$I$2:$I$60,MATCH($C9,Substances!$A$2:$A$60,0))),"—")) | AA9: =IF($C9="","",IFERROR(IF(INDEX(Substances!$J$2:$J$60,MATCH($C9,Substances!$A$2:$A$60,0))="","",INDEX(Substances!$J$2:$J$60,MATCH($C9,Substances!$A$2:$A$60,0))),"—")) -> 600 | AB9: =IF($C9="","",IFERROR(IF(INDEX(Substances!$K$2:$K$60,MATCH($C9,Substances!$A$2:$A$60,0))="","",INDEX(Substances!$K$2:$K$60,MATCH($C9,Substances!$A$2:$A$60,0))),"—")) -> IIA | AC9: =IF($C9="","",IFERROR($U9/28.96,"—")) -> 0.5538674 | AD9: =IF($C9="","",IFERROR(N($G9)*100000+Tables!$B$4,"—")) -> 301325 | AE9: =IF($C9="","",IFERROR($H9+273.15,"—")) -> 293.15 | AF9: =IF($C9="","",IFERROR($I9+273.15,"—")) -> 293.15 | AG9: =IF($C9="","",IFERROR(IF($D9="Gas/vapour jet",Tables!$B$4*(($W9+1)/2)^($W9/($W9-1)),"n/a"),"—")) -> 186284.18 | AH9: =IF($C9="","",IFERROR(IF($D9="Gas/vapour jet",IF($AD9>$AG9,"Choked","Subsonic"),"n/a"),"—")) -> Choked | AI9: =IF($C9="","",IFERROR(IF($D9="Gas/vapour jet","n/a",MIN(101.325,IF($P9<>"",$P9,IF(N(INDEX(Substances!$L$2:$L$60,MATCH($C9,Substances!$A$2:$A$60,0)))<>0,0.133322*10^(INDEX(Substances!$L$2:$L$60,MATCH($C9,Substances!$A$2:$A$60,0))-INDEX(Substances!$M$2:$M$60,MATCH($C9,Substances!$A$2:$A$60,0))/(INDEX(Substances!$N$2:$N$60,MATCH($C9,Substances!$A$2:$A$60,0))+$H9)),101.325*EXP(10.58*(1-($Y9+273.15)/$AE9)))))),"—")) -> n/a | AJ9: =IF($C9="","",IFERROR(IF($D9="Liquid jet",$K9*$J9*0.000001*SQRT(2*$X9*N($G9)*100000),"n/a"),"—")) -> n/a | AK9: =IF($C9="","",IFERROR(IF($D9="Gas/vapour jet",IF($AH9="Choked",$K9*$J9*0.000001*$AD9*SQRT($W9*$U9/($L9*Tables!$B$5*$AE9)*(2/($W9+1))^(($W9+1)/($W9-1))),$K9*$J9*0.000001*$AD9*SQRT($U9/($L9*Tables!$B$5*$AE9)*(2*$W9/($W9-1))*(1-(Tables!$B$4/$AD9)^(($W9-1)/$W9))*(Tables!$B$4/$AD9)^(2/$W9))),IF($D9="Liquid jet",$AJ9*IF($M9<>"",$M9,IF($H9>=$Y9,1,0)),6.55*$O9^0.78*$N9*$AI9*$U9^0.667/(Tables!$B$5*$AE9))),"—")) -> 0.00038789657 | AL9: =IF($C9="","",IFERROR(Tables!$B$10*$U9*$V9,"—")) -> 0.029359616 | AM9: =IF($C9="","",IFERROR(INDEX(Tables!$B$15:$B$17,MATCH($E9,Tables!$A$15:$A$17,0)),"—")) -> 0.5 | AN9: =IF($C9="","",IFERROR($AK9/($AM9*$AL9)*$AF9/Tables!$B$9,"—")) -> 0.026437345 | AO9: =IF($C9="","",IFERROR(IF($F9="Outdoor",Tables!$B$8,$R9/3600),"—")) -> 0.00083333333 | AP9: =IF($C9="","",IFERROR($S9*$AN9/$AO9,"—")) -> 63.449628 | AQ9: =IF($C9="","",IFERROR(IF($AP9<Tables!$B$7,"High",IF($F9="Outdoor","Medium",IF($AP9<$Q9,"Medium","Low"))),"—")) -> Medium | AR9: =IF($C9="","",IFERROR(-$S9/$AO9*LN($V9*$AM9/Tables!$B$6)/60,"—")) -> 152.66851 | AS9: =IF($C9="","",IFERROR(INDEX(Tables!$B$22:$J$24,MATCH($E9,Tables!$A$22:$A$24,0),MATCH($AQ9&"-"&$T9,Tables!$B$21:$J$21,0)),"—")) -> Zone 2 | AT9: =IF($C9="","",IFERROR((3*$AP9/(2*PI()))^(1/3),"—")) -> 3.117383 | AU9: =IF($C9="","",IFERROR(IF(ISNUMBER(SEARCH("Zone 0",IFERROR(LEFT($AS9,FIND("(",$AS9)-1),$AS9))),"Ga",IF(ISNUMBER(SEARCH("Zone 1",IFERROR(LEFT($AS9,FIND("(",$AS9)-1),$AS9))),"Gb",IF(ISNUMBER(SEARCH("Zone 2",IFERROR(LEFT($AS9,FIND("(",$AS9)-1),$AS9))),"Gc","None required"))),"—")) -> Gc | AV9: =IF($C9="","",IFERROR(IF($AU9="None required","—",$AB9&" "&INDEX(Tables!$B$31:$B$37,MATCH($AA9-0.001,Tables!$A$31:$A$37,1))),"—")) -> IIA T1 | AW9: =IF($C9="","",TRIM(IF(IF(ISNUMBER($Z9),$H9<$Z9-5,FALSE()),"Handled >5°C below flash point — may not need zoning (unless mist/spray). ","")&IF(IF(AND($D9="Pool evaporation",ISNUMBER($Y9)),$H9>=$Y9,FALSE()),"Liquid at/above boiling point — pool equation not valid, treat as gas release. ","")&IF(IF(AND($D9="Liquid jet",$M9="",ISNUMBER($Y9)),$H9<$Y9,FALSE()),"Non-flashing liquid: vapour rate set to 0 — model the resulting pool on its own row. ","")&IF(AND($D9="Gas/vapour jet",NOT(ISNUMBER($W9))),"No γ in library for this substance. ","")&IF(IF(ISNUMBER($AC9),$AC9>1.2,FALSE()),"Heavier than air — extend zone at low level / into pits and drains. ","")&IF($AQ9="Low","Vz ≥ V0: ventilation cannot control the release — whole room affected. ","")&IF(AND($F9="Indoor",OR($Q9="",$R9="")),"Indoor: enter room volume and air changes. ","")))
A10: L1 | B10: Toluene drum decanting, spill to bund, solvent store | C10: Toluene | D10: Pool evaporation | E10: Primary | F10: Indoor | H10: 20 | I10: 20 | N10: 1 | O10: 0.3 | Q10: 500 | R10: 6 | S10: 2 | T10: Good | U10: =IF($C10="","",IFERROR(IF(INDEX(Substances!$C$2:$C$60,MATCH($C10,Substances!$A$2:$A$60,0))="","",INDEX(Substances!$C$2:$C$60,MATCH($C10,Substances!$A$2:$A$60,0))),"—")) -> 92.14 | V10: =IF($C10="","",IFERROR(IF(INDEX(Substances!$D$2:$D$60,MATCH($C10,Substances!$A$2:$A$60,0))="","",INDEX(Substances!$D$2:$D$60,MATCH($C10,Substances!$A$2:$A$60,0))),"—")) -> 1 | W10: =IF($C10="","",IFERROR(IF(INDEX(Substances!$F$2:$F$60,MATCH($C10,Substances!$A$2:$A$60,0))="","",INDEX(Substances!$F$2:$F$60,MATCH($C10,Substances!$A$2:$A$60,0))),"—")) | X10: =IF($C10="","",IFERROR(IF(INDEX(Substances!$G$2:$G$60,MATCH($C10,Substances!$A$2:$A$60,0))="","",INDEX(Substances!$G$2:$G$60,MATCH($C10,Substances!$A$2:$A$60,0))),"—")) -> 867 | Y10: =IF($C10="","",IFERROR(IF(INDEX(Substances!$H$2:$H$60,MATCH($C10,Substances!$A$2:$A$60,0))="","",INDEX(Substances!$H$2:$H$60,MATCH($C10,Substances!$A$2:$A$60,0))),"—")) -> 110.6 | Z10: =IF($C10="","",IFERROR(IF(INDEX(Substances!$I$2:$I$60,MATCH($C10,Substances!$A$2:$A$60,0))="","",INDEX(Substances!$I$2:$I$60,MATCH($C10,Substances!$A$2:$A$60,0))),"—")) -> 4 | AA10: =IF($C10="","",IFERROR(IF(INDEX(Substances!$J$2:$J$60,MATCH($C10,Substances!$A$2:$A$60,0))="","",INDEX(Substances!$J$2:$J$60,MATCH($C10,Substances!$A$2:$A$60,0))),"—")) -> 480 | AB10: =IF($C10="","",IFERROR(IF(INDEX(Substances!$K$2:$K$60,MATCH($C10,Substances!$A$2:$A$60,0))="","",INDEX(Substances!$K$2:$K$60,MATCH($C10,Substances!$A$2:$A$60,0))),"—")) -> IIA | AC10: =IF($C10="","",IFERROR($U10/28.96,"—")) -> 3.1816298 | AD10: =IF($C10="","",IFERROR(N($G10)*100000+Tables!$B$4,"—")) -> 101325 | AE10: =IF($C10="","",IFERROR($H10+273.15,"—")) -> 293.15 | AF10: =IF($C10="","",IFERROR($I10+273.15,"—")) -> 293.15 | AG10: =IF($C10="","",IFERROR(IF($D10="Gas/vapour jet",Tables!$B$4*(($W10+1)/2)^($W10/($W10-1)),"n/a"),"—")) -> n/a | AH10: =IF($C10="","",IFERROR(IF($D10="Gas/vapour jet",IF($AD10>$AG10,"Choked","Subsonic"),"n/a"),"—")) -> n/a | AI10: =IF($C10="","",IFERROR(IF($D10="Gas/vapour jet","n/a",MIN(101.325,IF($P10<>"",$P10,IF(N(INDEX(Substances!$L$2:$L$60,MATCH($C10,Substances!$A$2:$A$60,0)))<>0,0.133322*10^(INDEX(Substances!$L$2:$L$60,MATCH($C10,Substances!$A$2:$A$60,0))-INDEX(Substances!$M$2:$M$60,MATCH($C10,Substances!$A$2:$A$60,0))/(INDEX(Substances!$N$2:$N$60,MATCH($C10,Substances!$A$2:$A$60,0))+$H10)),101.325*EXP(10.58*(1-($Y10+273.15)/$AE10)))))),"—")) -> 2.9113101 | AJ10: =IF($C10="","",IFERROR(IF($D10="Liquid jet",$K10*$J10*0.000001*SQRT(2*$X10*N($G10)*100000),"n/a"),"—")) -> n/a | AK10: =IF($C10="","",IFERROR(IF($D10="Gas/vapour jet",IF($AH10="Choked",$K10*$J10*0.000001*$AD10*SQRT($W10*$U10/($L10*Tables!$B$5*$AE10)*(2/($W10+1))^(($W10+1)/($W10-1))),$K10*$J10*0.000001*$AD10*SQRT($U10/($L10*Tables!$B$5*$AE10)*(2*$W10/($W10-1))*(1-(Tables!$B$4/$AD10)^(($W10-1)/$W10))*(Tables!$B$4/$AD10)^(2/$W10))),IF($D10="Liquid jet",$AJ10*IF($M10<>"",$M10,IF($H10>=$Y10,1,0)),6.55*$O10^0.78*$N10*$AI10*$U10^0.667/(Tables!$B$5*$AE10))),"—")) -> 6.2498757e-05 | AL10: =IF($C10="","",IFERROR(Tables!$B$10*$U10*$V10,"—")) -> 0.03833024 | AM10: =IF($C10="","",IFERROR(INDEX(Tables!$B$15:$B$17,MATCH($E10,Tables!$A$15:$A$17,0)),"—")) -> 0.25 | AN10: =IF($C10="","",IFERROR($AK10/($AM10*$AL10)*$AF10/Tables!$B$9,"—")) -> 0.0065254747 | AO10: =IF($C10="","",IFERROR(IF($F10="Outdoor",Tables!$B$8,$R10/3600),"—")) -> 0.0016666667 | AP10: =IF($C10="","",IFERROR($S10*$AN10/$AO10,"—")) -> 7.8305697 | AQ10: =IF($C10="","",IFERROR(IF($AP10<Tables!$B$7,"High",IF($F10="Outdoor","Medium",IF($AP10<$Q10,"Medium","Low"))),"—")) -> Medium | AR10: =IF($C10="","",IFERROR(-$S10/$AO10*LN($V10*$AM10/Tables!$B$6)/60,"—")) -> 119.82929 | AS10: =IF($C10="","",IFERROR(INDEX(Tables!$B$22:$J$24,MATCH($E10,Tables!$A$22:$A$24,0),MATCH($AQ10&"-"&$T10,Tables!$B$21:$J$21,0)),"—")) -> Zone 1 | AT10: =IF($C10="","",IFERROR((3*$AP10/(2*PI()))^(1/3),"—")) -> 1.552071 | AU10: =IF($C10="","",IFERROR(IF(ISNUMBER(SEARCH("Zone 0",IFERROR(LEFT($AS10,FIND("(",$AS10)-1),$AS10))),"Ga",IF(ISNUMBER(SEARCH("Zone 1",IFERROR(LEFT($AS10,FIND("(",$AS10)-1),$AS10))),"Gb",IF(ISNUMBER(SEARCH("Zone 2",IFERROR(LEFT($AS10,FIND("(",$AS10)-1),$AS10))),"Gc","None required"))),"—")) -> Gb | AV10: =IF($C10="","",IFERROR(IF($AU10="None required","—",$AB10&" "&INDEX(Tables!$B$31:$B$37,MATCH($AA10-0.001,Tables!$A$31:$A$37,1))),"—")) -> IIA T1 | AW10: =IF($C10="","",TRIM(IF(IF(ISNUMBER($Z10),$H10<$Z10-5,FALSE()),"Handled >5°C below flash point — may not need zoning (unless mist/spray). ","")&IF(IF(AND($D10="Pool evaporation",ISNUMBER($Y10)),$H10>=$Y10,FALSE()),"Liquid at/above boiling point — pool equation not valid, treat as gas release. ","")&IF(IF(AND($D10="Liquid jet",$M10="",ISNUMBER($Y10)),$H10<$Y10,FALSE()),"Non-flashing liquid: vapour rate set to 0 — model the resulting pool on its own row. ","")&IF(AND($D10="Gas/vapour jet",NOT(ISNUMBER($W10))),"No γ in library for this substance. ","")&IF(IF(ISNUMBER($AC10),$AC10>1.2,FALSE()),"Heavier than air — extend zone at low level / into pits and drains. ","")&IF($AQ10="Low","Vz ≥ V0: ventilation cannot control the release — whole room affected. ","")&IF(AND($F10="Indoor",OR($Q10="",$R10="")),"Indoor: enter room volume and air changes. ",""))) -> Heavier than air — extend zone at low level / into pits and drains.
A11: L2 | B11: LPG (butane) liquid pump seal, flashing release | C11: n-Butane | D11: Liquid jet | E11: Secondary | F11: Outdoor | G11: 3 | H11: 20 | I11: 20 | J11: 0.25 | K11: 0.75 | S11: 1 | T11: Good | U11: =IF($C11="","",IFERROR(IF(INDEX(Substances!$C$2:$C$60,MATCH($C11,Substances!$A$2:$A$60,0))="","",INDEX(Substances!$C$2:$C$60,MATCH($C11,Substances!$A$2:$A$60,0))),"—")) -> 58.12 | V11: =IF($C11="","",IFERROR(IF(INDEX(Substances!$D$2:$D$60,MATCH($C11,Substances!$A$2:$A$60,0))="","",INDEX(Substances!$D$2:$D$60,MATCH($C11,Substances!$A$2:$A$60,0))),"—")) -> 1.4 | W11: =IF($C11="","",IFERROR(IF(INDEX(Substances!$F$2:$F$60,MATCH($C11,Substances!$A$2:$A$60,0))="","",INDEX(Substances!$F$2:$F$60,MATCH($C11,Substances!$A$2:$A$60,0))),"—")) -> 1.1 | X11: =IF($C11="","",IFERROR(IF(INDEX(Substances!$G$2:$G$60,MATCH($C11,Substances!$A$2:$A$60,0))="","",INDEX(Substances!$G$2:$G$60,MATCH($C11,Substances!$A$2:$A$60,0))),"—")) -> 579 | Y11: =IF($C11="","",IFERROR(IF(INDEX(Substances!$H$2:$H$60,MATCH($C11,Substances!$A$2:$A$60,0))="","",INDEX(Substances!$H$2:$H$60,MATCH($C11,Substances!$A$2:$A$60,0))),"—")) -> -0.5 | Z11: =IF($C11="","",IFERROR(IF(INDEX(Substances!$I$2:$I$60,MATCH($C11,Substances!$A$2:$A$60,0))="","",INDEX(Substances!$I$2:$I$60,MATCH($C11,Substances!$A$2:$A$60,0))),"—")) | AA11: =IF($C11="","",IFERROR(IF(INDEX(Substances!$J$2:$J$60,MATCH($C11,Substances!$A$2:$A$60,0))="","",INDEX(Substances!$J$2:$J$60,MATCH($C11,Substances!$A$2:$A$60,0))),"—")) -> 372 | AB11: =IF($C11="","",IFERROR(IF(INDEX(Substances!$K$2:$K$60,MATCH($C11,Substances!$A$2:$A$60,0))="","",INDEX(Substances!$K$2:$K$60,MATCH($C11,Substances!$A$2:$A$60,0))),"—")) -> IIA | AC11: =IF($C11="","",IFERROR($U11/28.96,"—")) -> 2.0069061 | AD11: =IF($C11="","",IFERROR(N($G11)*100000+Tables!$B$4,"—")) -> 401325 | AE11: =IF($C11="","",IFERROR($H11+273.15,"—")) -> 293.15 | AF11: =IF($C11="","",IFERROR($I11+273.15,"—")) -> 293.15 | AG11: =IF($C11="","",IFERROR(IF($D11="Gas/vapour jet",Tables!$B$4*(($W11+1)/2)^($W11/($W11-1)),"n/a"),"—")) -> n/a | AH11: =IF($C11="","",IFERROR(IF($D11="Gas/vapour jet",IF($AD11>$AG11,"Choked","Subsonic"),"n/a"),"—")) -> n/a | AI11: =IF($C11="","",IFERROR(IF($D11="Gas/vapour jet","n/a",MIN(101.325,IF($P11<>"",$P11,IF(N(INDEX(Substances!$L$2:$L$60,MATCH($C11,Substances!$A$2:$A$60,0)))<>0,0.133322*10^(INDEX(Substances!$L$2:$L$60,MATCH($C11,Substances!$A$2:$A$60,0))-INDEX(Substances!$M$2:$M$60,MATCH($C11,Substances!$A$2:$A$60,0))/(INDEX(Substances!$N$2:$N$60,MATCH($C11,Substances!$A$2:$A$60,0))+$H11)),101.325*EXP(10.58*(1-($Y11+273.15)/$AE11)))))),"—")) -> 101.325 | AJ11: =IF($C11="","",IFERROR(IF($D11="Liquid jet",$K11*$J11*0.000001*SQRT(2*$X11*N($G11)*100000),"n/a"),"—")) -> 0.0034947505 | AK11: =IF($C11="","",IFERROR(IF($D11="Gas/vapour jet",IF($AH11="Choked",$K11*$J11*0.000001*$AD11*SQRT($W11*$U11/($L11*Tables!$B$5*$AE11)*(2/($W11+1))^(($W11+1)/($W11-1))),$K11*$J11*0.000001*$AD11*SQRT($U11/($L11*Tables!$B$5*$AE11)*(2*$W11/($W11-1))*(1-(Tables!$B$4/$AD11)^(($W11-1)/$W11))*(Tables!$B$4/$AD11)^(2/$W11))),IF($D11="Liquid jet",$AJ11*IF($M11<>"",$M11,IF($H11>=$Y11,1,0)),6.55*$O11^0.78*$N11*$AI11*$U11^0.667/(Tables!$B$5*$AE11))),"—")) -> 0.0034947505 | AL11: =IF($C11="","",IFERROR(Tables!$B$10*$U11*$V11,"—")) -> 0.033849088 | AM11: =IF($C11="","",IFERROR(INDEX(Tables!$B$15:$B$17,MATCH($E11,Tables!$A$15:$A$17,0)),"—")) -> 0.5 | AN11: =IF($C11="","",IFERROR($AK11/($AM11*$AL11)*$AF11/Tables!$B$9,"—")) -> 0.2065958 | AO11: =IF($C11="","",IFERROR(IF($F11="Outdoor",Tables!$B$8,$R11/3600),"—")) -> 0.03 | AP11: =IF($C11="","",IFERROR($S11*$AN11/$AO11,"—")) -> 6.8865266 | AQ11: =IF($C11="","",IFERROR(IF($AP11<Tables!$B$7,"High",IF($F11="Outdoor","Medium",IF($AP11<$Q11,"Medium","Low"))),"—")) -> Medium | AR11: =IF($C11="","",IFERROR(-$S11/$AO11*LN($V11*$AM11/Tables!$B$6)/60,"—")) -> 2.7565806 | AS11: =IF($C11="","",IFERROR(INDEX(Tables!$B$22:$J$24,MATCH($E11,Tables!$A$22:$A$24,0),MATCH($AQ11&"-"&$T11,Tables!$B$21:$J$21,0)),"—")) -> Zone 2 | AT11: =IF($C11="","",IFERROR((3*$AP11/(2*PI()))^(1/3),"—")) -> 1.4870099 | AU11: =IF($C11="","",IFERROR(IF(ISNUMBER(SEARCH("Zone 0",IFERROR(LEFT($AS11,FIND("(",$AS11)-1),$AS11))),"Ga",IF(ISNUMBER(SEARCH("Zone 1",IFERROR(LEFT($AS11,FIND("(",$AS11)-1),$AS11))),"Gb",IF(ISNUMBER(SEARCH("Zone 2",IFERROR(LEFT($AS11,FIND("(",$AS11)-1),$AS11))),"Gc","None required"))),"—")) -> Gc | AV11: =IF($C11="","",IFERROR(IF($AU11="None required","—",$AB11&" "&INDEX(Tables!$B$31:$B$37,MATCH($AA11-0.001,Tables!$A$31:$A$37,1))),"—")) -> IIA T2 | AW11: =IF($C11="","",TRIM(IF(IF(ISNUMBER($Z11),$H11<$Z11-5,FALSE()),"Handled >5°C below flash point — may not need zoning (unless mist/spray). ","")&IF(IF(AND($D11="Pool evaporation",ISNUMBER($Y11)),$H11>=$Y11,FALSE()),"Liquid at/above boiling point — pool equation not valid, treat as gas release. ","")&IF(IF(AND($D11="Liquid jet",$M11="",ISNUMBER($Y11)),$H11<$Y11,FALSE()),"Non-flashing liquid: vapour rate set to 0 — model the resulting pool on its own row. ","")&IF(AND($D11="Gas/vapour jet",NOT(ISNUMBER($W11))),"No γ in library for this substance. ","")&IF(IF(ISNUMBER($AC11),$AC11>1.2,FALSE()),"Heavier than air — extend zone at low level / into pits and drains. ","")&IF($AQ11="Low","Vz ≥ V0: ventilation cannot control the release — whole room affected. ","")&IF(AND($F11="Indoor",OR($Q11="",$R11="")),"Indoor: enter room volume and air changes. ",""))) -> Heavier than air — extend zone at low level / into pits and drains.
U12: =IF($C12="","",IFERROR(IF(INDEX(Substances!$C$2:$C$60,MATCH($C12,Substances!$A$2:$A$60,0))="","",INDEX(Substances!$C$2:$C$60,MATCH($C12,Substances!$A$2:$A$60,0))),"—")) | V12: =IF($C12="","",IFERROR(IF(INDEX(Substances!$D$2:$D$60,MATCH($C12,Substances!$A$2:$A$60,0))="","",INDEX(Substances!$D$2:$D$60,MATCH($C12,Substances!$A$2:$A$60,0))),"—")) | W12: =IF($C12="","",IFERROR(IF(INDEX(Substances!$F$2:$F$60,MATCH($C12,Substances!$A$2:$A$60,0))="","",INDEX(Substances!$F$2:$F$60,MATCH($C12,Substances!$A$2:$A$60,0))),"—")) | X12: =IF($C12="","",IFERROR(IF(INDEX(Substances!$G$2:$G$60,MATCH($C12,Substances!$A$2:$A$60,0))="","",INDEX(Substances!$G$2:$G$60,MATCH($C12,Substances!$A$2:$A$60,0))),"—")) | Y12: =IF($C12="","",IFERROR(IF(INDEX(Substances!$H$2:$H$60,MATCH($C12,Substances!$A$2:$A$60,0))="","",INDEX(Substances!$H$2:$H$60,MATCH($C12,Substances!$A$2:$A$60,0))),"—")) | Z12: =IF($C12="","",IFERROR(IF(INDEX(Substances!$I$2:$I$60,MATCH($C12,Substances!$A$2:$A$60,0))="","",INDEX(Substances!$I$2:$I$60,MATCH($C12,Substances!$A$2:$A$60,0))),"—")) | AA12: =IF($C12="","",IFERROR(IF(INDEX(Substances!$J$2:$J$60,MATCH($C12,Substances!$A$2:$A$60,0))="","",INDEX(Substances!$J$2:$J$60,MATCH($C12,Substances!$A$2:$A$60,0))),"—")) | AB12: =IF($C12="","",IFERROR(IF(INDEX(Substances!$K$2:$K$60,MATCH($C12,Substances!$A$2:$A$60,0))="","",INDEX(Substances!$K$2:$K$60,MATCH($C12,Substances!$A$2:$A$60,0))),"—")) | AC12: =IF($C12="","",IFERROR($U12/28.96,"—")) | AD12: =IF($C12="","",IFERROR(N($G12)*100000+Tables!$B$4,"—")) | AE12: =IF($C12="","",IFERROR($H12+273.15,"—")) | AF12: =IF($C12="","",IFERROR($I12+273.15,"—")) | AG12: =IF($C12="","",IFERROR(IF($D12="Gas/vapour jet",Tables!$B$4*(($W12+1)/2)^($W12/($W12-1)),"n/a"),"—")) | AH12: =IF($C12="","",IFERROR(IF($D12="Gas/vapour jet",IF($AD12>$AG12,"Choked","Subsonic"),"n/a"),"—")) | AI12: =IF($C12="","",IFERROR(IF($D12="Gas/vapour jet","n/a",MIN(101.325,IF($P12<>"",$P12,IF(N(INDEX(Substances!$L$2:$L$60,MATCH($C12,Substances!$A$2:$A$60,0)))<>0,0.133322*10^(INDEX(Substances!$L$2:$L$60,MATCH($C12,Substances!$A$2:$A$60,0))-INDEX(Substances!$M$2:$M$60,MATCH($C12,Substances!$A$2:$A$60,0))/(INDEX(Substances!$N$2:$N$60,MATCH($C12,Substances!$A$2:$A$60,0))+$H12)),101.325*EXP(10.58*(1-($Y12+273.15)/$AE12)))))),"—")) | AJ12: =IF($C12="","",IFERROR(IF($D12="Liquid jet",$K12*$J12*0.000001*SQRT(2*$X12*N($G12)*100000),"n/a"),"—")) | AK12: =IF($C12="","",IFERROR(IF($D12="Gas/vapour jet",IF($AH12="Choked",$K12*$J12*0.000001*$AD12*SQRT($W12*$U12/($L12*Tables!$B$5*$AE12)*(2/($W12+1))^(($W12+1)/($W12-1))),$K12*$J12*0.000001*$AD12*SQRT($U12/($L12*Tables!$B$5*$AE12)*(2*$W12/($W12-1))*(1-(Tables!$B$4/$AD12)^(($W12-1)/$W12))*(Tables!$B$4/$AD12)^(2/$W12))),IF($D12="Liquid jet",$AJ12*IF($M12<>"",$M12,IF($H12>=$Y12,1,0)),6.55*$O12^0.78*$N12*$AI12*$U12^0.667/(Tables!$B$5*$AE12))),"—")) | AL12: =IF($C12="","",IFERROR(Tables!$B$10*$U12*$V12,"—")) | AM12: =IF($C12="","",IFERROR(INDEX(Tables!$B$15:$B$17,MATCH($E12,Tables!$A$15:$A$17,0)),"—")) | AN12: =IF($C12="","",IFERROR($AK12/($AM12*$AL12)*$AF12/Tables!$B$9,"—")) | AO12: =IF($C12="","",IFERROR(IF($F12="Outdoor",Tables!$B$8,$R12/3600),"—")) | AP12: =IF($C12="","",IFERROR($S12*$AN12/$AO12,"—")) | AQ12: =IF($C12="","",IFERROR(IF($AP12<Tables!$B$7,"High",IF($F12="Outdoor","Medium",IF($AP12<$Q12,"Medium","Low"))),"—")) | AR12: =IF($C12="","",IFERROR(-$S12/$AO12*LN($V12*$AM12/Tables!$B$6)/60,"—")) | AS12: =IF($C12="","",IFERROR(INDEX(Tables!$B$22:$J$24,MATCH($E12,Tables!$A$22:$A$24,0),MATCH($AQ12&"-"&$T12,Tables!$B$21:$J$21,0)),"—")) | AT12: =IF($C12="","",IFERROR((3*$AP12/(2*PI()))^(1/3),"—")) | AU12: =IF($C12="","",IFERROR(IF(ISNUMBER(SEARCH("Zone 0",IFERROR(LEFT($AS12,FIND("(",$AS12)-1),$AS12))),"Ga",IF(ISNUMBER(SEARCH("Zone 1",IFERROR(LEFT($AS12,FIND("(",$AS12)-1),$AS12))),"Gb",IF(ISNUMBER(SEARCH("Zone 2",IFERROR(LEFT($AS12,FIND("(",$AS12)-1),$AS12))),"Gc","None required"))),"—")) | AV12: =IF($C12="","",IFERROR(IF($AU12="None required","—",$AB12&" "&INDEX(Tables!$B$31:$B$37,MATCH($AA12-0.001,Tables!$A$31:$A$37,1))),"—")) | AW12: =IF($C12="","",TRIM(IF(IF(ISNUMBER($Z12),$H12<$Z12-5,FALSE()),"Handled >5°C below flash point — may not need zoning (unless mist/spray). ","")&IF(IF(AND($D12="Pool evaporation",ISNUMBER($Y12)),$H12>=$Y12,FALSE()),"Liquid at/above boiling point — pool equation not valid, treat as gas release. ","")&IF(IF(AND($D12="Liquid jet",$M12="",ISNUMBER($Y12)),$H12<$Y12,FALSE()),"Non-flashing liquid: vapour rate set to 0 — model the resulting pool on its own row. ","")&IF(AND($D12="Gas/vapour jet",NOT(ISNUMBER($W12))),"No γ in library for this substance. ","")&IF(IF(ISNUMBER($AC12),$AC12>1.2,FALSE()),"Heavier than air — extend zone at low level / into pits and drains. ","")&IF($AQ12="Low","Vz ≥ V0: ventilation cannot control the release — whole room affected. ","")&IF(AND($F12="Indoor",OR($Q12="",$R12="")),"Indoor: enter room volume and air changes. ","")))
U13: =IF($C13="","",IFERROR(IF(INDEX(Substances!$C$2:$C$60,MATCH($C13,Substances!$A$2:$A$60,0))="","",INDEX(Substances!$C$2:$C$60,MATCH($C13,Substances!$A$2:$A$60,0))),"—")) | V13: =IF($C13="","",IFERROR(IF(INDEX(Substances!$D$2:$D$60,MATCH($C13,Substances!$A$2:$A$60,0))="","",INDEX(Substances!$D$2:$D$60,MATCH($C13,Substances!$A$2:$A$60,0))),"—")) | W13: =IF($C13="","",IFERROR(IF(INDEX(Substances!$F$2:$F$60,MATCH($C13,Substances!$A$2:$A$60,0))="","",INDEX(Substances!$F$2:$F$60,MATCH($C13,Substances!$A$2:$A$60,0))),"—")) | X13: =IF($C13="","",IFERROR(IF(INDEX(Substances!$G$2:$G$60,MATCH($C13,Substances!$A$2:$A$60,0))="","",INDEX(Substances!$G$2:$G$60,MATCH($C13,Substances!$A$2:$A$60,0))),"—")) | Y13: =IF($C13="","",IFERROR(IF(INDEX(Substances!$H$2:$H$60,MATCH($C13,Substances!$A$2:$A$60,0))="","",INDEX(Substances!$H$2:$H$60,MATCH($C13,Substances!$A$2:$A$60,0))),"—")) | Z13: =IF($C13="","",IFERROR(IF(INDEX(Substances!$I$2:$I$60,MATCH($C13,Substances!$A$2:$A$60,0))="","",INDEX(Substances!$I$2:$I$60,MATCH($C13,Substances!$A$2:$A$60,0))),"—")) | AA13: =IF($C13="","",IFERROR(IF(INDEX(Substances!$J$2:$J$60,MATCH($C13,Substances!$A$2:$A$60,0))="","",INDEX(Substances!$J$2:$J$60,MATCH($C13,Substances!$A$2:$A$60,0))),"—")) | AB13: =IF($C13="","",IFERROR(IF(INDEX(Substances!$K$2:$K$60,MATCH($C13,Substances!$A$2:$A$60,0))="","",INDEX(Substances!$K$2:$K$60,MATCH($C13,Substances!$A$2:$A$60,0))),"—")) | AC13: =IF($C13="","",IFERROR($U13/28.96,"—")) | AD13: =IF($C13="","",IFERROR(N($G13)*100000+Tables!$B$4,"—")) | AE13: =IF($C13="","",IFERROR($H13+273.15,"—")) | AF13: =IF($C13="","",IFERROR($I13+273.15,"—")) | AG13: =IF($C13="","",IFERROR(IF($D13="Gas/vapour jet",Tables!$B$4*(($W13+1)/2)^($W13/($W13-1)),"n/a"),"—")) | AH13: =IF($C13="","",IFERROR(IF($D13="Gas/vapour jet",IF($AD13>$AG13,"Choked","Subsonic"),"n/a"),"—")) | AI13: =IF($C13="","",IFERROR(IF($D13="Gas/vapour jet","n/a",MIN(101.325,IF($P13<>"",$P13,IF(N(INDEX(Substances!$L$2:$L$60,MATCH($C13,Substances!$A$2:$A$60,0)))<>0,0.133322*10^(INDEX(Substances!$L$2:$L$60,MATCH($C13,Substances!$A$2:$A$60,0))-INDEX(Substances!$M$2:$M$60,MATCH($C13,Substances!$A$2:$A$60,0))/(INDEX(Substances!$N$2:$N$60,MATCH($C13,Substances!$A$2:$A$60,0))+$H13)),101.325*EXP(10.58*(1-($Y13+273.15)/$AE13)))))),"—")) | AJ13: =IF($C13="","",IFERROR(IF($D13="Liquid jet",$K13*$J13*0.000001*SQRT(2*$X13*N($G13)*100000),"n/a"),"—")) | AK13: =IF($C13="","",IFERROR(IF($D13="Gas/vapour jet",IF($AH13="Choked",$K13*$J13*0.000001*$AD13*SQRT($W13*$U13/($L13*Tables!$B$5*$AE13)*(2/($W13+1))^(($W13+1)/($W13-1))),$K13*$J13*0.000001*$AD13*SQRT($U13/($L13*Tables!$B$5*$AE13)*(2*$W13/($W13-1))*(1-(Tables!$B$4/$AD13)^(($W13-1)/$W13))*(Tables!$B$4/$AD13)^(2/$W13))),IF($D13="Liquid jet",$AJ13*IF($M13<>"",$M13,IF($H13>=$Y13,1,0)),6.55*$O13^0.78*$N13*$AI13*$U13^0.667/(Tables!$B$5*$AE13))),"—")) | AL13: =IF($C13="","",IFERROR(Tables!$B$10*$U13*$V13,"—")) | AM13: =IF($C13="","",IFERROR(INDEX(Tables!$B$15:$B$17,MATCH($E13,Tables!$A$15:$A$17,0)),"—")) | AN13: =IF($C13="","",IFERROR($AK13/($AM13*$AL13)*$AF13/Tables!$B$9,"—")) | AO13: =IF($C13="","",IFERROR(IF($F13="Outdoor",Tables!$B$8,$R13/3600),"—")) | AP13: =IF($C13="","",IFERROR($S13*$AN13/$AO13,"—")) | AQ13: =IF($C13="","",IFERROR(IF($AP13<Tables!$B$7,"High",IF($F13="Outdoor","Medium",IF($AP13<$Q13,"Medium","Low"))),"—")) | AR13: =IF($C13="","",IFERROR(-$S13/$AO13*LN($V13*$AM13/Tables!$B$6)/60,"—")) | AS13: =IF($C13="","",IFERROR(INDEX(Tables!$B$22:$J$24,MATCH($E13,Tables!$A$22:$A$24,0),MATCH($AQ13&"-"&$T13,Tables!$B$21:$J$21,0)),"—")) | AT13: =IF($C13="","",IFERROR((3*$AP13/(2*PI()))^(1/3),"—")) | AU13: =IF($C13="","",IFERROR(IF(ISNUMBER(SEARCH("Zone 0",IFERROR(LEFT($AS13,FIND("(",$AS13)-1),$AS13))),"Ga",IF(ISNUMBER(SEARCH("Zone 1",IFERROR(LEFT($AS13,FIND("(",$AS13)-1),$AS13))),"Gb",IF(ISNUMBER(SEARCH("Zone 2",IFERROR(LEFT($AS13,FIND("(",$AS13)-1),$AS13))),"Gc","None required"))),"—")) | AV13: =IF($C13="","",IFERROR(IF($AU13="None required","—",$AB13&" "&INDEX(Tables!$B$31:$B$37,MATCH($AA13-0.001,Tables!$A$31:$A$37,1))),"—")) | AW13: =IF($C13="","",TRIM(IF(IF(ISNUMBER($Z13),$H13<$Z13-5,FALSE()),"Handled >5°C below flash point — may not need zoning (unless mist/spray). ","")&IF(IF(AND($D13="Pool evaporation",ISNUMBER($Y13)),$H13>=$Y13,FALSE()),"Liquid at/above boiling point — pool equation not valid, treat as gas release. ","")&IF(IF(AND($D13="Liquid jet",$M13="",ISNUMBER($Y13)),$H13<$Y13,FALSE()),"Non-flashing liquid: vapour rate set to 0 — model the resulting pool on its own row. ","")&IF(AND($D13="Gas/vapour jet",NOT(ISNUMBER($W13))),"No γ in library for this substance. ","")&IF(IF(ISNUMBER($AC13),$AC13>1.2,FALSE()),"Heavier than air — extend zone at low level / into pits and drains. ","")&IF($AQ13="Low","Vz ≥ V0: ventilation cannot control the release — whole room affected. ","")&IF(AND($F13="Indoor",OR($Q13="",$R13="")),"Indoor: enter room volume and air changes. ","")))
U14: =IF($C14="","",IFERROR(IF(INDEX(Substances!$C$2:$C$60,MATCH($C14,Substances!$A$2:$A$60,0))="","",INDEX(Substances!$C$2:$C$60,MATCH($C14,Substances!$A$2:$A$60,0))),"—")) | V14: =IF($C14="","",IFERROR(IF(INDEX(Substances!$D$2:$D$60,MATCH($C14,Substances!$A$2:$A$60,0))="","",INDEX(Substances!$D$2:$D$60,MATCH($C14,Substances!$A$2:$A$60,0))),"—")) | W14: =IF($C14="","",IFERROR(IF(INDEX(Substances!$F$2:$F$60,MATCH($C14,Substances!$A$2:$A$60,0))="","",INDEX(Substances!$F$2:$F$60,MATCH($C14,Substances!$A$2:$A$60,0))),"—")) | X14: =IF($C14="","",IFERROR(IF(INDEX(Substances!$G$2:$G$60,MATCH($C14,Substances!$A$2:$A$60,0))="","",INDEX(Substances!$G$2:$G$60,MATCH($C14,Substances!$A$2:$A$60,0))),"—")) | Y14: =IF($C14="","",IFERROR(IF(INDEX(Substances!$H$2:$H$60,MATCH($C14,Substances!$A$2:$A$60,0))="","",INDEX(Substances!$H$2:$H$60,MATCH($C14,Substances!$A$2:$A$60,0))),"—")) | Z14: =IF($C14="","",IFERROR(IF(INDEX(Substances!$I$2:$I$60,MATCH($C14,Substances!$A$2:$A$60,0))="","",INDEX(Substances!$I$2:$I$60,MATCH($C14,Substances!$A$2:$A$60,0))),"—")) | AA14: =IF($C14="","",IFERROR(IF(INDEX(Substances!$J$2:$J$60,MATCH($C14,Substances!$A$2:$A$60,0))="","",INDEX(Substances!$J$2:$J$60,MATCH($C14,Substances!$A$2:$A$60,0))),"—")) | AB14: =IF($C14="","",IFERROR(IF(INDEX(Substances!$K$2:$K$60,MATCH($C14,Substances!$A$2:$A$60,0))="","",INDEX(Substances!$K$2:$K$60,MATCH($C14,Substances!$A$2:$A$60,0))),"—")) | AC14: =IF($C14="","",IFERROR($U14/28.96,"—")) | AD14: =IF($C14="","",IFERROR(N($G14)*100000+Tables!$B$4,"—")) | AE14: =IF($C14="","",IFERROR($H14+273.15,"—")) | AF14: =IF($C14="","",IFERROR($I14+273.15,"—")) | AG14: =IF($C14="","",IFERROR(IF($D14="Gas/vapour jet",Tables!$B$4*(($W14+1)/2)^($W14/($W14-1)),"n/a"),"—")) | AH14: =IF($C14="","",IFERROR(IF($D14="Gas/vapour jet",IF($AD14>$AG14,"Choked","Subsonic"),"n/a"),"—")) | AI14: =IF($C14="","",IFERROR(IF($D14="Gas/vapour jet","n/a",MIN(101.325,IF($P14<>"",$P14,IF(N(INDEX(Substances!$L$2:$L$60,MATCH($C14,Substances!$A$2:$A$60,0)))<>0,0.133322*10^(INDEX(Substances!$L$2:$L$60,MATCH($C14,Substances!$A$2:$A$60,0))-INDEX(Substances!$M$2:$M$60,MATCH($C14,Substances!$A$2:$A$60,0))/(INDEX(Substances!$N$2:$N$60,MATCH($C14,Substances!$A$2:$A$60,0))+$H14)),101.325*EXP(10.58*(1-($Y14+273.15)/$AE14)))))),"—")) | AJ14: =IF($C14="","",IFERROR(IF($D14="Liquid jet",$K14*$J14*0.000001*SQRT(2*$X14*N($G14)*100000),"n/a"),"—")) | AK14: =IF($C14="","",IFERROR(IF($D14="Gas/vapour jet",IF($AH14="Choked",$K14*$J14*0.000001*$AD14*SQRT($W14*$U14/($L14*Tables!$B$5*$AE14)*(2/($W14+1))^(($W14+1)/($W14-1))),$K14*$J14*0.000001*$AD14*SQRT($U14/($L14*Tables!$B$5*$AE14)*(2*$W14/($W14-1))*(1-(Tables!$B$4/$AD14)^(($W14-1)/$W14))*(Tables!$B$4/$AD14)^(2/$W14))),IF($D14="Liquid jet",$AJ14*IF($M14<>"",$M14,IF($H14>=$Y14,1,0)),6.55*$O14^0.78*$N14*$AI14*$U14^0.667/(Tables!$B$5*$AE14))),"—")) | AL14: =IF($C14="","",IFERROR(Tables!$B$10*$U14*$V14,"—")) | AM14: =IF($C14="","",IFERROR(INDEX(Tables!$B$15:$B$17,MATCH($E14,Tables!$A$15:$A$17,0)),"—")) | AN14: =IF($C14="","",IFERROR($AK14/($AM14*$AL14)*$AF14/Tables!$B$9,"—")) | AO14: =IF($C14="","",IFERROR(IF($F14="Outdoor",Tables!$B$8,$R14/3600),"—")) | AP14: =IF($C14="","",IFERROR($S14*$AN14/$AO14,"—")) | AQ14: =IF($C14="","",IFERROR(IF($AP14<Tables!$B$7,"High",IF($F14="Outdoor","Medium",IF($AP14<$Q14,"Medium","Low"))),"—")) | AR14: =IF($C14="","",IFERROR(-$S14/$AO14*LN($V14*$AM14/Tables!$B$6)/60,"—")) | AS14: =IF($C14="","",IFERROR(INDEX(Tables!$B$22:$J$24,MATCH($E14,Tables!$A$22:$A$24,0),MATCH($AQ14&"-"&$T14,Tables!$B$21:$J$21,0)),"—")) | AT14: =IF($C14="","",IFERROR((3*$AP14/(2*PI()))^(1/3),"—")) | AU14: =IF($C14="","",IFERROR(IF(ISNUMBER(SEARCH("Zone 0",IFERROR(LEFT($AS14,FIND("(",$AS14)-1),$AS14))),"Ga",IF(ISNUMBER(SEARCH("Zone 1",IFERROR(LEFT($AS14,FIND("(",$AS14)-1),$AS14))),"Gb",IF(ISNUMBER(SEARCH("Zone 2",IFERROR(LEFT($AS14,FIND("(",$AS14)-1),$AS14))),"Gc","None required"))),"—")) | AV14: =IF($C14="","",IFERROR(IF($AU14="None required","—",$AB14&" "&INDEX(Tables!$B$31:$B$37,MATCH($AA14-0.001,Tables!$A$31:$A$37,1))),"—")) | AW14: =IF($C14="","",TRIM(IF(IF(ISNUMBER($Z14),$H14<$Z14-5,FALSE()),"Handled >5°C below flash point — may not need zoning (unless mist/spray). ","")&IF(IF(AND($D14="Pool evaporation",ISNUMBER($Y14)),$H14>=$Y14,FALSE()),"Liquid at/above boiling point — pool equation not valid, treat as gas release. ","")&IF(IF(AND($D14="Liquid jet",$M14="",ISNUMBER($Y14)),$H14<$Y14,FALSE()),"Non-flashing liquid: vapour rate set to 0 — model the resulting pool on its own row. ","")&IF(AND($D14="Gas/vapour jet",NOT(ISNUMBER($W14))),"No γ in library for this substance. ","")&IF(IF(ISNUMBER($AC14),$AC14>1.2,FALSE()),"Heavier than air — extend zone at low level / into pits and drains. ","")&IF($AQ14="Low","Vz ≥ V0: ventilation cannot control the release — whole room affected. ","")&IF(AND($F14="Indoor",OR($Q14="",$R14="")),"Indoor: enter room volume and air changes. ","")))
U15: =IF($C15="","",IFERROR(IF(INDEX(Substances!$C$2:$C$60,MATCH($C15,Substances!$A$2:$A$60,0))="","",INDEX(Substances!$C$2:$C$60,MATCH($C15,Substances!$A$2:$A$60,0))),"—")) | V15: =IF($C15="","",IFERROR(IF(INDEX(Substances!$D$2:$D$60,MATCH($C15,Substances!$A$2:$A$60,0))="","",INDEX(Substances!$D$2:$D$60,MATCH($C15,Substances!$A$2:$A$60,0))),"—")) | W15: =IF($C15="","",IFERROR(IF(INDEX(Substances!$F$2:$F$60,MATCH($C15,Substances!$A$2:$A$60,0))="","",INDEX(Substances!$F$2:$F$60,MATCH($C15,Substances!$A$2:$A$60,0))),"—")) | X15: =IF($C15="","",IFERROR(IF(INDEX(Substances!$G$2:$G$60,MATCH($C15,Substances!$A$2:$A$60,0))="","",INDEX(Substances!$G$2:$G$60,MATCH($C15,Substances!$A$2:$A$60,0))),"—")) | Y15: =IF($C15="","",IFERROR(IF(INDEX(Substances!$H$2:$H$60,MATCH($C15,Substances!$A$2:$A$60,0))="","",INDEX(Substances!$H$2:$H$60,MATCH($C15,Substances!$A$2:$A$60,0))),"—")) | Z15: =IF($C15="","",IFERROR(IF(INDEX(Substances!$I$2:$I$60,MATCH($C15,Substances!$A$2:$A$60,0))="","",INDEX(Substances!$I$2:$I$60,MATCH($C15,Substances!$A$2:$A$60,0))),"—")) | AA15: =IF($C15="","",IFERROR(IF(INDEX(Substances!$J$2:$J$60,MATCH($C15,Substances!$A$2:$A$60,0))="","",INDEX(Substances!$J$2:$J$60,MATCH($C15,Substances!$A$2:$A$60,0))),"—")) | AB15: =IF($C15="","",IFERROR(IF(INDEX(Substances!$K$2:$K$60,MATCH($C15,Substances!$A$2:$A$60,0))="","",INDEX(Substances!$K$2:$K$60,MATCH($C15,Substances!$A$2:$A$60,0))),"—")) | AC15: =IF($C15="","",IFERROR($U15/28.96,"—")) | AD15: =IF($C15="","",IFERROR(N($G15)*100000+Tables!$B$4,"—")) | AE15: =IF($C15="","",IFERROR($H15+273.15,"—")) | AF15: =IF($C15="","",IFERROR($I15+273.15,"—")) | AG15: =IF($C15="","",IFERROR(IF($D15="Gas/vapour jet",Tables!$B$4*(($W15+1)/2)^($W15/($W15-1)),"n/a"),"—")) | AH15: =IF($C15="","",IFERROR(IF($D15="Gas/vapour jet",IF($AD15>$AG15,"Choked","Subsonic"),"n/a"),"—")) | AI15: =IF($C15="","",IFERROR(IF($D15="Gas/vapour jet","n/a",MIN(101.325,IF($P15<>"",$P15,IF(N(INDEX(Substances!$L$2:$L$60,MATCH($C15,Substances!$A$2:$A$60,0)))<>0,0.133322*10^(INDEX(Substances!$L$2:$L$60,MATCH($C15,Substances!$A$2:$A$60,0))-INDEX(Substances!$M$2:$M$60,MATCH($C15,Substances!$A$2:$A$60,0))/(INDEX(Substances!$N$2:$N$60,MATCH($C15,Substances!$A$2:$A$60,0))+$H15)),101.325*EXP(10.58*(1-($Y15+273.15)/$AE15)))))),"—")) | AJ15: =IF($C15="","",IFERROR(IF($D15="Liquid jet",$K15*$J15*0.000001*SQRT(2*$X15*N($G15)*100000),"n/a"),"—")) | AK15: =IF($C15="","",IFERROR(IF($D15="Gas/vapour jet",IF($AH15="Choked",$K15*$J15*0.000001*$AD15*SQRT($W15*$U15/($L15*Tables!$B$5*$AE15)*(2/($W15+1))^(($W15+1)/($W15-1))),$K15*$J15*0.000001*$AD15*SQRT($U15/($L15*Tables!$B$5*$AE15)*(2*$W15/($W15-1))*(1-(Tables!$B$4/$AD15)^(($W15-1)/$W15))*(Tables!$B$4/$AD15)^(2/$W15))),IF($D15="Liquid jet",$AJ15*IF($M15<>"",$M15,IF($H15>=$Y15,1,0)),6.55*$O15^0.78*$N15*$AI15*$U15^0.667/(Tables!$B$5*$AE15))),"—")) | AL15: =IF($C15="","",IFERROR(Tables!$B$10*$U15*$V15,"—")) | AM15: =IF($C15="","",IFERROR(INDEX(Tables!$B$15:$B$17,MATCH($E15,Tables!$A$15:$A$17,0)),"—")) | AN15: =IF($C15="","",IFERROR($AK15/($AM15*$AL15)*$AF15/Tables!$B$9,"—")) | AO15: =IF($C15="","",IFERROR(IF($F15="Outdoor",Tables!$B$8,$R15/3600),"—")) | AP15: =IF($C15="","",IFERROR($S15*$AN15/$AO15,"—")) | AQ15: =IF($C15="","",IFERROR(IF($AP15<Tables!$B$7,"High",IF($F15="Outdoor","Medium",IF($AP15<$Q15,"Medium","Low"))),"—")) | AR15: =IF($C15="","",IFERROR(-$S15/$AO15*LN($V15*$AM15/Tables!$B$6)/60,"—")) | AS15: =IF($C15="","",IFERROR(INDEX(Tables!$B$22:$J$24,MATCH($E15,Tables!$A$22:$A$24,0),MATCH($AQ15&"-"&$T15,Tables!$B$21:$J$21,0)),"—")) | AT15: =IF($C15="","",IFERROR((3*$AP15/(2*PI()))^(1/3),"—")) | AU15: =IF($C15="","",IFERROR(IF(ISNUMBER(SEARCH("Zone 0",IFERROR(LEFT($AS15,FIND("(",$AS15)-1),$AS15))),"Ga",IF(ISNUMBER(SEARCH("Zone 1",IFERROR(LEFT($AS15,FIND("(",$AS15)-1),$AS15))),"Gb",IF(ISNUMBER(SEARCH("Zone 2",IFERROR(LEFT($AS15,FIND("(",$AS15)-1),$AS15))),"Gc","None required"))),"—")) | AV15: =IF($C15="","",IFERROR(IF($AU15="None required","—",$AB15&" "&INDEX(Tables!$B$31:$B$37,MATCH($AA15-0.001,Tables!$A$31:$A$37,1))),"—")) | AW15: =IF($C15="","",TRIM(IF(IF(ISNUMBER($Z15),$H15<$Z15-5,FALSE()),"Handled >5°C below flash point — may not need zoning (unless mist/spray). ","")&IF(IF(AND($D15="Pool evaporation",ISNUMBER($Y15)),$H15>=$Y15,FALSE()),"Liquid at/above boiling point — pool equation not valid, treat as gas release. ","")&IF(IF(AND($D15="Liquid jet",$M15="",ISNUMBER($Y15)),$H15<$Y15,FALSE()),"Non-flashing liquid: vapour rate set to 0 — model the resulting pool on its own row. ","")&IF(AND($D15="Gas/vapour jet",NOT(ISNUMBER($W15))),"No γ in library for this substance. ","")&IF(IF(ISNUMBER($AC15),$AC15>1.2,FALSE()),"Heavier than air — extend zone at low level / into pits and drains. ","")&IF($AQ15="Low","Vz ≥ V0: ventilation cannot control the release — whole room affected. ","")&IF(AND($F15="Indoor",OR($Q15="",$R15="")),"Indoor: enter room volume and air changes. ","")))
U16: =IF($C16="","",IFERROR(IF(INDEX(Substances!$C$2:$C$60,MATCH($C16,Substances!$A$2:$A$60,0))="","",INDEX(Substances!$C$2:$C$60,MATCH($C16,Substances!$A$2:$A$60,0))),"—")) | V16: =IF($C16="","",IFERROR(IF(INDEX(Substances!$D$2:$D$60,MATCH($C16,Substances!$A$2:$A$60,0))="","",INDEX(Substances!$D$2:$D$60,MATCH($C16,Substances!$A$2:$A$60,0))),"—")) | W16: =IF($C16="","",IFERROR(IF(INDEX(Substances!$F$2:$F$60,MATCH($C16,Substances!$A$2:$A$60,0))="","",INDEX(Substances!$F$2:$F$60,MATCH($C16,Substances!$A$2:$A$60,0))),"—")) | X16: =IF($C16="","",IFERROR(IF(INDEX(Substances!$G$2:$G$60,MATCH($C16,Substances!$A$2:$A$60,0))="","",INDEX(Substances!$G$2:$G$60,MATCH($C16,Substances!$A$2:$A$60,0))),"—")) | Y16: =IF($C16="","",IFERROR(IF(INDEX(Substances!$H$2:$H$60,MATCH($C16,Substances!$A$2:$A$60,0))="","",INDEX(Substances!$H$2:$H$60,MATCH($C16,Substances!$A$2:$A$60,0))),"—")) | Z16: =IF($C16="","",IFERROR(IF(INDEX(Substances!$I$2:$I$60,MATCH($C16,Substances!$A$2:$A$60,0))="","",INDEX(Substances!$I$2:$I$60,MATCH($C16,Substances!$A$2:$A$60,0))),"—")) | AA16: =IF($C16="","",IFERROR(IF(INDEX(Substances!$J$2:$J$60,MATCH($C16,Substances!$A$2:$A$60,0))="","",INDEX(Substances!$J$2:$J$60,MATCH($C16,Substances!$A$2:$A$60,0))),"—")) | AB16: =IF($C16="","",IFERROR(IF(INDEX(Substances!$K$2:$K$60,MATCH($C16,Substances!$A$2:$A$60,0))="","",INDEX(Substances!$K$2:$K$60,MATCH($C16,Substances!$A$2:$A$60,0))),"—")) | AC16: =IF($C16="","",IFERROR($U16/28.96,"—")) | AD16: =IF($C16="","",IFERROR(N($G16)*100000+Tables!$B$4,"—")) | AE16: =IF($C16="","",IFERROR($H16+273.15,"—")) | AF16: =IF($C16="","",IFERROR($I16+273.15,"—")) | AG16: =IF($C16="","",IFERROR(IF($D16="Gas/vapour jet",Tables!$B$4*(($W16+1)/2)^($W16/($W16-1)),"n/a"),"—")) | AH16: =IF($C16="","",IFERROR(IF($D16="Gas/vapour jet",IF($AD16>$AG16,"Choked","Subsonic"),"n/a"),"—")) | AI16: =IF($C16="","",IFERROR(IF($D16="Gas/vapour jet","n/a",MIN(101.325,IF($P16<>"",$P16,IF(N(INDEX(Substances!$L$2:$L$60,MATCH($C16,Substances!$A$2:$A$60,0)))<>0,0.133322*10^(INDEX(Substances!$L$2:$L$60,MATCH($C16,Substances!$A$2:$A$60,0))-INDEX(Substances!$M$2:$M$60,MATCH($C16,Substances!$A$2:$A$60,0))/(INDEX(Substances!$N$2:$N$60,MATCH($C16,Substances!$A$2:$A$60,0))+$H16)),101.325*EXP(10.58*(1-($Y16+273.15)/$AE16)))))),"—")) | AJ16: =IF($C16="","",IFERROR(IF($D16="Liquid jet",$K16*$J16*0.000001*SQRT(2*$X16*N($G16)*100000),"n/a"),"—")) | AK16: =IF($C16="","",IFERROR(IF($D16="Gas/vapour jet",IF($AH16="Choked",$K16*$J16*0.000001*$AD16*SQRT($W16*$U16/($L16*Tables!$B$5*$AE16)*(2/($W16+1))^(($W16+1)/($W16-1))),$K16*$J16*0.000001*$AD16*SQRT($U16/($L16*Tables!$B$5*$AE16)*(2*$W16/($W16-1))*(1-(Tables!$B$4/$AD16)^(($W16-1)/$W16))*(Tables!$B$4/$AD16)^(2/$W16))),IF($D16="Liquid jet",$AJ16*IF($M16<>"",$M16,IF($H16>=$Y16,1,0)),6.55*$O16^0.78*$N16*$AI16*$U16^0.667/(Tables!$B$5*$AE16))),"—")) | AL16: =IF($C16="","",IFERROR(Tables!$B$10*$U16*$V16,"—")) | AM16: =IF($C16="","",IFERROR(INDEX(Tables!$B$15:$B$17,MATCH($E16,Tables!$A$15:$A$17,0)),"—")) | AN16: =IF($C16="","",IFERROR($AK16/($AM16*$AL16)*$AF16/Tables!$B$9,"—")) | AO16: =IF($C16="","",IFERROR(IF($F16="Outdoor",Tables!$B$8,$R16/3600),"—")) | AP16: =IF($C16="","",IFERROR($S16*$AN16/$AO16,"—")) | AQ16: =IF($C16="","",IFERROR(IF($AP16<Tables!$B$7,"High",IF($F16="Outdoor","Medium",IF($AP16<$Q16,"Medium","Low"))),"—")) | AR16: =IF($C16="","",IFERROR(-$S16/$AO16*LN($V16*$AM16/Tables!$B$6)/60,"—")) | AS16: =IF($C16="","",IFERROR(INDEX(Tables!$B$22:$J$24,MATCH($E16,Tables!$A$22:$A$24,0),MATCH($AQ16&"-"&$T16,Tables!$B$21:$J$21,0)),"—")) | AT16: =IF($C16="","",IFERROR((3*$AP16/(2*PI()))^(1/3),"—")) | AU16: =IF($C16="","",IFERROR(IF(ISNUMBER(SEARCH("Zone 0",IFERROR(LEFT($AS16,FIND("(",$AS16)-1),$AS16))),"Ga",IF(ISNUMBER(SEARCH("Zone 1",IFERROR(LEFT($AS16,FIND("(",$AS16)-1),$AS16))),"Gb",IF(ISNUMBER(SEARCH("Zone 2",IFERROR(LEFT($AS16,FIND("(",$AS16)-1),$AS16))),"Gc","None required"))),"—")) | AV16: =IF($C16="","",IFERROR(IF($AU16="None required","—",$AB16&" "&INDEX(Tables!$B$31:$B$37,MATCH($AA16-0.001,Tables!$A$31:$A$37,1))),"—")) | AW16: =IF($C16="","",TRIM(IF(IF(ISNUMBER($Z16),$H16<$Z16-5,FALSE()),"Handled >5°C below flash point — may not need zoning (unless mist/spray). ","")&IF(IF(AND($D16="Pool evaporation",ISNUMBER($Y16)),$H16>=$Y16,FALSE()),"Liquid at/above boiling point — pool equation not valid, treat as gas release. ","")&IF(IF(AND($D16="Liquid jet",$M16="",ISNUMBER($Y16)),$H16<$Y16,FALSE()),"Non-flashing liquid: vapour rate set to 0 — model the resulting pool on its own row. ","")&IF(AND($D16="Gas/vapour jet",NOT(ISNUMBER($W16))),"No γ in library for this substance. ","")&IF(IF(ISNUMBER($AC16),$AC16>1.2,FALSE()),"Heavier than air — extend zone at low level / into pits and drains. ","")&IF($AQ16="Low","Vz ≥ V0: ventilation cannot control the release — whole room affected. ","")&IF(AND($F16="Indoor",OR($Q16="",$R16="")),"Indoor: enter room volume and air changes. ","")))
U17: =IF($C17="","",IFERROR(IF(INDEX(Substances!$C$2:$C$60,MATCH($C17,Substances!$A$2:$A$60,0))="","",INDEX(Substances!$C$2:$C$60,MATCH($C17,Substances!$A$2:$A$60,0))),"—")) | V17: =IF($C17="","",IFERROR(IF(INDEX(Substances!$D$2:$D$60,MATCH($C17,Substances!$A$2:$A$60,0))="","",INDEX(Substances!$D$2:$D$60,MATCH($C17,Substances!$A$2:$A$60,0))),"—")) | W17: =IF($C17="","",IFERROR(IF(INDEX(Substances!$F$2:$F$60,MATCH($C17,Substances!$A$2:$A$60,0))="","",INDEX(Substances!$F$2:$F$60,MATCH($C17,Substances!$A$2:$A$60,0))),"—")) | X17: =IF($C17="","",IFERROR(IF(INDEX(Substances!$G$2:$G$60,MATCH($C17,Substances!$A$2:$A$60,0))="","",INDEX(Substances!$G$2:$G$60,MATCH($C17,Substances!$A$2:$A$60,0))),"—")) | Y17: =IF($C17="","",IFERROR(IF(INDEX(Substances!$H$2:$H$60,MATCH($C17,Substances!$A$2:$A$60,0))="","",INDEX(Substances!$H$2:$H$60,MATCH($C17,Substances!$A$2:$A$60,0))),"—")) | Z17: =IF($C17="","",IFERROR(IF(INDEX(Substances!$I$2:$I$60,MATCH($C17,Substances!$A$2:$A$60,0))="","",INDEX(Substances!$I$2:$I$60,MATCH($C17,Substances!$A$2:$A$60,0))),"—")) | AA17: =IF($C17="","",IFERROR(IF(INDEX(Substances!$J$2:$J$60,MATCH($C17,Substances!$A$2:$A$60,0))="","",INDEX(Substances!$J$2:$J$60,MATCH($C17,Substances!$A$2:$A$60,0))),"—")) | AB17: =IF($C17="","",IFERROR(IF(INDEX(Substances!$K$2:$K$60,MATCH($C17,Substances!$A$2:$A$60,0))="","",INDEX(Substances!$K$2:$K$60,MATCH($C17,Substances!$A$2:$A$60,0))),"—")) | AC17: =IF($C17="","",IFERROR($U17/28.96,"—")) | AD17: =IF($C17="","",IFERROR(N($G17)*100000+Tables!$B$4,"—")) | AE17: =IF($C17="","",IFERROR($H17+273.15,"—")) | AF17: =IF($C17="","",IFERROR($I17+273.15,"—")) | AG17: =IF($C17="","",IFERROR(IF($D17="Gas/vapour jet",Tables!$B$4*(($W17+1)/2)^($W17/($W17-1)),"n/a"),"—")) | AH17: =IF($C17="","",IFERROR(IF($D17="Gas/vapour jet",IF($AD17>$AG17,"Choked","Subsonic"),"n/a"),"—")) | AI17: =IF($C17="","",IFERROR(IF($D17="Gas/vapour jet","n/a",MIN(101.325,IF($P17<>"",$P17,IF(N(INDEX(Substances!$L$2:$L$60,MATCH($C17,Substances!$A$2:$A$60,0)))<>0,0.133322*10^(INDEX(Substances!$L$2:$L$60,MATCH($C17,Substances!$A$2:$A$60,0))-INDEX(Substances!$M$2:$M$60,MATCH($C17,Substances!$A$2:$A$60,0))/(INDEX(Substances!$N$2:$N$60,MATCH($C17,Substances!$A$2:$A$60,0))+$H17)),101.325*EXP(10.58*(1-($Y17+273.15)/$AE17)))))),"—")) | AJ17: =IF($C17="","",IFERROR(IF($D17="Liquid jet",$K17*$J17*0.000001*SQRT(2*$X17*N($G17)*100000),"n/a"),"—")) | AK17: =IF($C17="","",IFERROR(IF($D17="Gas/vapour jet",IF($AH17="Choked",$K17*$J17*0.000001*$AD17*SQRT($W17*$U17/($L17*Tables!$B$5*$AE17)*(2/($W17+1))^(($W17+1)/($W17-1))),$K17*$J17*0.000001*$AD17*SQRT($U17/($L17*Tables!$B$5*$AE17)*(2*$W17/($W17-1))*(1-(Tables!$B$4/$AD17)^(($W17-1)/$W17))*(Tables!$B$4/$AD17)^(2/$W17))),IF($D17="Liquid jet",$AJ17*IF($M17<>"",$M17,IF($H17>=$Y17,1,0)),6.55*$O17^0.78*$N17*$AI17*$U17^0.667/(Tables!$B$5*$AE17))),"—")) | AL17: =IF($C17="","",IFERROR(Tables!$B$10*$U17*$V17,"—")) | AM17: =IF($C17="","",IFERROR(INDEX(Tables!$B$15:$B$17,MATCH($E17,Tables!$A$15:$A$17,0)),"—")) | AN17: =IF($C17="","",IFERROR($AK17/($AM17*$AL17)*$AF17/Tables!$B$9,"—")) | AO17: =IF($C17="","",IFERROR(IF($F17="Outdoor",Tables!$B$8,$R17/3600),"—")) | AP17: =IF($C17="","",IFERROR($S17*$AN17/$AO17,"—")) | AQ17: =IF($C17="","",IFERROR(IF($AP17<Tables!$B$7,"High",IF($F17="Outdoor","Medium",IF($AP17<$Q17,"Medium","Low"))),"—")) | AR17: =IF($C17="","",IFERROR(-$S17/$AO17*LN($V17*$AM17/Tables!$B$6)/60,"—")) | AS17: =IF($C17="","",IFERROR(INDEX(Tables!$B$22:$J$24,MATCH($E17,Tables!$A$22:$A$24,0),MATCH($AQ17&"-"&$T17,Tables!$B$21:$J$21,0)),"—")) | AT17: =IF($C17="","",IFERROR((3*$AP17/(2*PI()))^(1/3),"—")) | AU17: =IF($C17="","",IFERROR(IF(ISNUMBER(SEARCH("Zone 0",IFERROR(LEFT($AS17,FIND("(",$AS17)-1),$AS17))),"Ga",IF(ISNUMBER(SEARCH("Zone 1",IFERROR(LEFT($AS17,FIND("(",$AS17)-1),$AS17))),"Gb",IF(ISNUMBER(SEARCH("Zone 2",IFERROR(LEFT($AS17,FIND("(",$AS17)-1),$AS17))),"Gc","None required"))),"—")) | AV17: =IF($C17="","",IFERROR(IF($AU17="None required","—",$AB17&" "&INDEX(Tables!$B$31:$B$37,MATCH($AA17-0.001,Tables!$A$31:$A$37,1))),"—")) | AW17: =IF($C17="","",TRIM(IF(IF(ISNUMBER($Z17),$H17<$Z17-5,FALSE()),"Handled >5°C below flash point — may not need zoning (unless mist/spray). ","")&IF(IF(AND($D17="Pool evaporation",ISNUMBER($Y17)),$H17>=$Y17,FALSE()),"Liquid at/above boiling point — pool equation not valid, treat as gas release. ","")&IF(IF(AND($D17="Liquid jet",$M17="",ISNUMBER($Y17)),$H17<$Y17,FALSE()),"Non-flashing liquid: vapour rate set to 0 — model the resulting pool on its own row. ","")&IF(AND($D17="Gas/vapour jet",NOT(ISNUMBER($W17))),"No γ in library for this substance. ","")&IF(IF(ISNUMBER($AC17),$AC17>1.2,FALSE()),"Heavier than air — extend zone at low level / into pits and drains. ","")&IF($AQ17="Low","Vz ≥ V0: ventilation cannot control the release — whole room affected. ","")&IF(AND($F17="Indoor",OR($Q17="",$R17="")),"Indoor: enter room volume and air changes. ","")))
U18: =IF($C18="","",IFERROR(IF(INDEX(Substances!$C$2:$C$60,MATCH($C18,Substances!$A$2:$A$60,0))="","",INDEX(Substances!$C$2:$C$60,MATCH($C18,Substances!$A$2:$A$60,0))),"—")) | V18: =IF($C18="","",IFERROR(IF(INDEX(Substances!$D$2:$D$60,MATCH($C18,Substances!$A$2:$A$60,0))="","",INDEX(Substances!$D$2:$D$60,MATCH($C18,Substances!$A$2:$A$60,0))),"—")) | W18: =IF($C18="","",IFERROR(IF(INDEX(Substances!$F$2:$F$60,MATCH($C18,Substances!$A$2:$A$60,0))="","",INDEX(Substances!$F$2:$F$60,MATCH($C18,Substances!$A$2:$A$60,0))),"—")) | X18: =IF($C18="","",IFERROR(IF(INDEX(Substances!$G$2:$G$60,MATCH($C18,Substances!$A$2:$A$60,0))="","",INDEX(Substances!$G$2:$G$60,MATCH($C18,Substances!$A$2:$A$60,0))),"—")) | Y18: =IF($C18="","",IFERROR(IF(INDEX(Substances!$H$2:$H$60,MATCH($C18,Substances!$A$2:$A$60,0))="","",INDEX(Substances!$H$2:$H$60,MATCH($C18,Substances!$A$2:$A$60,0))),"—")) | Z18: =IF($C18="","",IFERROR(IF(INDEX(Substances!$I$2:$I$60,MATCH($C18,Substances!$A$2:$A$60,0))="","",INDEX(Substances!$I$2:$I$60,MATCH($C18,Substances!$A$2:$A$60,0))),"—")) | AA18: =IF($C18="","",IFERROR(IF(INDEX(Substances!$J$2:$J$60,MATCH($C18,Substances!$A$2:$A$60,0))="","",INDEX(Substances!$J$2:$J$60,MATCH($C18,Substances!$A$2:$A$60,0))),"—")) | AB18: =IF($C18="","",IFERROR(IF(INDEX(Substances!$K$2:$K$60,MATCH($C18,Substances!$A$2:$A$60,0))="","",INDEX(Substances!$K$2:$K$60,MATCH($C18,Substances!$A$2:$A$60,0))),"—")) | AC18: =IF($C18="","",IFERROR($U18/28.96,"—")) | AD18: =IF($C18="","",IFERROR(N($G18)*100000+Tables!$B$4,"—")) | AE18: =IF($C18="","",IFERROR($H18+273.15,"—")) | AF18: =IF($C18="","",IFERROR($I18+273.15,"—")) | AG18: =IF($C18="","",IFERROR(IF($D18="Gas/vapour jet",Tables!$B$4*(($W18+1)/2)^($W18/($W18-1)),"n/a"),"—")) | AH18: =IF($C18="","",IFERROR(IF($D18="Gas/vapour jet",IF($AD18>$AG18,"Choked","Subsonic"),"n/a"),"—")) | AI18: =IF($C18="","",IFERROR(IF($D18="Gas/vapour jet","n/a",MIN(101.325,IF($P18<>"",$P18,IF(N(INDEX(Substances!$L$2:$L$60,MATCH($C18,Substances!$A$2:$A$60,0)))<>0,0.133322*10^(INDEX(Substances!$L$2:$L$60,MATCH($C18,Substances!$A$2:$A$60,0))-INDEX(Substances!$M$2:$M$60,MATCH($C18,Substances!$A$2:$A$60,0))/(INDEX(Substances!$N$2:$N$60,MATCH($C18,Substances!$A$2:$A$60,0))+$H18)),101.325*EXP(10.58*(1-($Y18+273.15)/$AE18)))))),"—")) | AJ18: =IF($C18="","",IFERROR(IF($D18="Liquid jet",$K18*$J18*0.000001*SQRT(2*$X18*N($G18)*100000),"n/a"),"—")) | AK18: =IF($C18="","",IFERROR(IF($D18="Gas/vapour jet",IF($AH18="Choked",$K18*$J18*0.000001*$AD18*SQRT($W18*$U18/($L18*Tables!$B$5*$AE18)*(2/($W18+1))^(($W18+1)/($W18-1))),$K18*$J18*0.000001*$AD18*SQRT($U18/($L18*Tables!$B$5*$AE18)*(2*$W18/($W18-1))*(1-(Tables!$B$4/$AD18)^(($W18-1)/$W18))*(Tables!$B$4/$AD18)^(2/$W18))),IF($D18="Liquid jet",$AJ18*IF($M18<>"",$M18,IF($H18>=$Y18,1,0)),6.55*$O18^0.78*$N18*$AI18*$U18^0.667/(Tables!$B$5*$AE18))),"—")) | AL18: =IF($C18="","",IFERROR(Tables!$B$10*$U18*$V18,"—")) | AM18: =IF($C18="","",IFERROR(INDEX(Tables!$B$15:$B$17,MATCH($E18,Tables!$A$15:$A$17,0)),"—")) | AN18: =IF($C18="","",IFERROR($AK18/($AM18*$AL18)*$AF18/Tables!$B$9,"—")) | AO18: =IF($C18="","",IFERROR(IF($F18="Outdoor",Tables!$B$8,$R18/3600),"—")) | AP18: =IF($C18="","",IFERROR($S18*$AN18/$AO18,"—")) | AQ18: =IF($C18="","",IFERROR(IF($AP18<Tables!$B$7,"High",IF($F18="Outdoor","Medium",IF($AP18<$Q18,"Medium","Low"))),"—")) | AR18: =IF($C18="","",IFERROR(-$S18/$AO18*LN($V18*$AM18/Tables!$B$6)/60,"—")) | AS18: =IF($C18="","",IFERROR(INDEX(Tables!$B$22:$J$24,MATCH($E18,Tables!$A$22:$A$24,0),MATCH($AQ18&"-"&$T18,Tables!$B$21:$J$21,0)),"—")) | AT18: =IF($C18="","",IFERROR((3*$AP18/(2*PI()))^(1/3),"—")) | AU18: =IF($C18="","",IFERROR(IF(ISNUMBER(SEARCH("Zone 0",IFERROR(LEFT($AS18,FIND("(",$AS18)-1),$AS18))),"Ga",IF(ISNUMBER(SEARCH("Zone 1",IFERROR(LEFT($AS18,FIND("(",$AS18)-1),$AS18))),"Gb",IF(ISNUMBER(SEARCH("Zone 2",IFERROR(LEFT($AS18,FIND("(",$AS18)-1),$AS18))),"Gc","None required"))),"—")) | AV18: =IF($C18="","",IFERROR(IF($AU18="None required","—",$AB18&" "&INDEX(Tables!$B$31:$B$37,MATCH($AA18-0.001,Tables!$A$31:$A$37,1))),"—")) | AW18: =IF($C18="","",TRIM(IF(IF(ISNUMBER($Z18),$H18<$Z18-5,FALSE()),"Handled >5°C below flash point — may not need zoning (unless mist/spray). ","")&IF(IF(AND($D18="Pool evaporation",ISNUMBER($Y18)),$H18>=$Y18,FALSE()),"Liquid at/above boiling point — pool equation not valid, treat as gas release. ","")&IF(IF(AND($D18="Liquid jet",$M18="",ISNUMBER($Y18)),$H18<$Y18,FALSE()),"Non-flashing liquid: vapour rate set to 0 — model the resulting pool on its own row. ","")&IF(AND($D18="Gas/vapour jet",NOT(ISNUMBER($W18))),"No γ in library for this substance. ","")&IF(IF(ISNUMBER($AC18),$AC18>1.2,FALSE()),"Heavier than air — extend zone at low level / into pits and drains. ","")&IF($AQ18="Low","Vz ≥ V0: ventilation cannot control the release — whole room affected. ","")&IF(AND($F18="Indoor",OR($Q18="",$R18="")),"Indoor: enter room volume and air changes. ","")))
U19: =IF($C19="","",IFERROR(IF(INDEX(Substances!$C$2:$C$60,MATCH($C19,Substances!$A$2:$A$60,0))="","",INDEX(Substances!$C$2:$C$60,MATCH($C19,Substances!$A$2:$A$60,0))),"—")) | V19: =IF($C19="","",IFERROR(IF(INDEX(Substances!$D$2:$D$60,MATCH($C19,Substances!$A$2:$A$60,0))="","",INDEX(Substances!$D$2:$D$60,MATCH($C19,Substances!$A$2:$A$60,0))),"—")) | W19: =IF($C19="","",IFERROR(IF(INDEX(Substances!$F$2:$F$60,MATCH($C19,Substances!$A$2:$A$60,0))="","",INDEX(Substances!$F$2:$F$60,MATCH($C19,Substances!$A$2:$A$60,0))),"—")) | X19: =IF($C19="","",IFERROR(IF(INDEX(Substances!$G$2:$G$60,MATCH($C19,Substances!$A$2:$A$60,0))="","",INDEX(Substances!$G$2:$G$60,MATCH($C19,Substances!$A$2:$A$60,0))),"—")) | Y19: =IF($C19="","",IFERROR(IF(INDEX(Substances!$H$2:$H$60,MATCH($C19,Substances!$A$2:$A$60,0))="","",INDEX(Substances!$H$2:$H$60,MATCH($C19,Substances!$A$2:$A$60,0))),"—")) | Z19: =IF($C19="","",IFERROR(IF(INDEX(Substances!$I$2:$I$60,MATCH($C19,Substances!$A$2:$A$60,0))="","",INDEX(Substances!$I$2:$I$60,MATCH($C19,Substances!$A$2:$A$60,0))),"—")) | AA19: =IF($C19="","",IFERROR(IF(INDEX(Substances!$J$2:$J$60,MATCH($C19,Substances!$A$2:$A$60,0))="","",INDEX(Substances!$J$2:$J$60,MATCH($C19,Substances!$A$2:$A$60,0))),"—")) | AB19: =IF($C19="","",IFERROR(IF(INDEX(Substances!$K$2:$K$60,MATCH($C19,Substances!$A$2:$A$60,0))="","",INDEX(Substances!$K$2:$K$60,MATCH($C19,Substances!$A$2:$A$60,0))),"—")) | AC19: =IF($C19="","",IFERROR($U19/28.96,"—")) | AD19: =IF($C19="","",IFERROR(N($G19)*100000+Tables!$B$4,"—")) | AE19: =IF($C19="","",IFERROR($H19+273.15,"—")) | AF19: =IF($C19="","",IFERROR($I19+273.15,"—")) | AG19: =IF($C19="","",IFERROR(IF($D19="Gas/vapour jet",Tables!$B$4*(($W19+1)/2)^($W19/($W19-1)),"n/a"),"—")) | AH19: =IF($C19="","",IFERROR(IF($D19="Gas/vapour jet",IF($AD19>$AG19,"Choked","Subsonic"),"n/a"),"—")) | AI19: =IF($C19="","",IFERROR(IF($D19="Gas/vapour jet","n/a",MIN(101.325,IF($P19<>"",$P19,IF(N(INDEX(Substances!$L$2:$L$60,MATCH($C19,Substances!$A$2:$A$60,0)))<>0,0.133322*10^(INDEX(Substances!$L$2:$L$60,MATCH($C19,Substances!$A$2:$A$60,0))-INDEX(Substances!$M$2:$M$60,MATCH($C19,Substances!$A$2:$A$60,0))/(INDEX(Substances!$N$2:$N$60,MATCH($C19,Substances!$A$2:$A$60,0))+$H19)),101.325*EXP(10.58*(1-($Y19+273.15)/$AE19)))))),"—")) | AJ19: =IF($C19="","",IFERROR(IF($D19="Liquid jet",$K19*$J19*0.000001*SQRT(2*$X19*N($G19)*100000),"n/a"),"—")) | AK19: =IF($C19="","",IFERROR(IF($D19="Gas/vapour jet",IF($AH19="Choked",$K19*$J19*0.000001*$AD19*SQRT($W19*$U19/($L19*Tables!$B$5*$AE19)*(2/($W19+1))^(($W19+1)/($W19-1))),$K19*$J19*0.000001*$AD19*SQRT($U19/($L19*Tables!$B$5*$AE19)*(2*$W19/($W19-1))*(1-(Tables!$B$4/$AD19)^(($W19-1)/$W19))*(Tables!$B$4/$AD19)^(2/$W19))),IF($D19="Liquid jet",$AJ19*IF($M19<>"",$M19,IF($H19>=$Y19,1,0)),6.55*$O19^0.78*$N19*$AI19*$U19^0.667/(Tables!$B$5*$AE19))),"—")) | AL19: =IF($C19="","",IFERROR(Tables!$B$10*$U19*$V19,"—")) | AM19: =IF($C19="","",IFERROR(INDEX(Tables!$B$15:$B$17,MATCH($E19,Tables!$A$15:$A$17,0)),"—")) | AN19: =IF($C19="","",IFERROR($AK19/($AM19*$AL19)*$AF19/Tables!$B$9,"—")) | AO19: =IF($C19="","",IFERROR(IF($F19="Outdoor",Tables!$B$8,$R19/3600),"—")) | AP19: =IF($C19="","",IFERROR($S19*$AN19/$AO19,"—")) | AQ19: =IF($C19="","",IFERROR(IF($AP19<Tables!$B$7,"High",IF($F19="Outdoor","Medium",IF($AP19<$Q19,"Medium","Low"))),"—")) | AR19: =IF($C19="","",IFERROR(-$S19/$AO19*LN($V19*$AM19/Tables!$B$6)/60,"—")) | AS19: =IF($C19="","",IFERROR(INDEX(Tables!$B$22:$J$24,MATCH($E19,Tables!$A$22:$A$24,0),MATCH($AQ19&"-"&$T19,Tables!$B$21:$J$21,0)),"—")) | AT19: =IF($C19="","",IFERROR((3*$AP19/(2*PI()))^(1/3),"—")) | AU19: =IF($C19="","",IFERROR(IF(ISNUMBER(SEARCH("Zone 0",IFERROR(LEFT($AS19,FIND("(",$AS19)-1),$AS19))),"Ga",IF(ISNUMBER(SEARCH("Zone 1",IFERROR(LEFT($AS19,FIND("(",$AS19)-1),$AS19))),"Gb",IF(ISNUMBER(SEARCH("Zone 2",IFERROR(LEFT($AS19,FIND("(",$AS19)-1),$AS19))),"Gc","None required"))),"—")) | AV19: =IF($C19="","",IFERROR(IF($AU19="None required","—",$AB19&" "&INDEX(Tables!$B$31:$B$37,MATCH($AA19-0.001,Tables!$A$31:$A$37,1))),"—")) | AW19: =IF($C19="","",TRIM(IF(IF(ISNUMBER($Z19),$H19<$Z19-5,FALSE()),"Handled >5°C below flash point — may not need zoning (unless mist/spray). ","")&IF(IF(AND($D19="Pool evaporation",ISNUMBER($Y19)),$H19>=$Y19,FALSE()),"Liquid at/above boiling point — pool equation not valid, treat as gas release. ","")&IF(IF(AND($D19="Liquid jet",$M19="",ISNUMBER($Y19)),$H19<$Y19,FALSE()),"Non-flashing liquid: vapour rate set to 0 — model the resulting pool on its own row. ","")&IF(AND($D19="Gas/vapour jet",NOT(ISNUMBER($W19))),"No γ in library for this substance. ","")&IF(IF(ISNUMBER($AC19),$AC19>1.2,FALSE()),"Heavier than air — extend zone at low level / into pits and drains. ","")&IF($AQ19="Low","Vz ≥ V0: ventilation cannot control the release — whole room affected. ","")&IF(AND($F19="Indoor",OR($Q19="",$R19="")),"Indoor: enter room volume and air changes. ","")))
U20: =IF($C20="","",IFERROR(IF(INDEX(Substances!$C$2:$C$60,MATCH($C20,Substances!$A$2:$A$60,0))="","",INDEX(Substances!$C$2:$C$60,MATCH($C20,Substances!$A$2:$A$60,0))),"—")) | V20: =IF($C20="","",IFERROR(IF(INDEX(Substances!$D$2:$D$60,MATCH($C20,Substances!$A$2:$A$60,0))="","",INDEX(Substances!$D$2:$D$60,MATCH($C20,Substances!$A$2:$A$60,0))),"—")) | W20: =IF($C20="","",IFERROR(IF(INDEX(Substances!$F$2:$F$60,MATCH($C20,Substances!$A$2:$A$60,0))="","",INDEX(Substances!$F$2:$F$60,MATCH($C20,Substances!$A$2:$A$60,0))),"—")) | X20: =IF($C20="","",IFERROR(IF(INDEX(Substances!$G$2:$G$60,MATCH($C20,Substances!$A$2:$A$60,0))="","",INDEX(Substances!$G$2:$G$60,MATCH($C20,Substances!$A$2:$A$60,0))),"—")) | Y20: =IF($C20="","",IFERROR(IF(INDEX(Substances!$H$2:$H$60,MATCH($C20,Substances!$A$2:$A$60,0))="","",INDEX(Substances!$H$2:$H$60,MATCH($C20,Substances!$A$2:$A$60,0))),"—")) | Z20: =IF($C20="","",IFERROR(IF(INDEX(Substances!$I$2:$I$60,MATCH($C20,Substances!$A$2:$A$60,0))="","",INDEX(Substances!$I$2:$I$60,MATCH($C20,Substances!$A$2:$A$60,0))),"—")) | AA20: =IF($C20="","",IFERROR(IF(INDEX(Substances!$J$2:$J$60,MATCH($C20,Substances!$A$2:$A$60,0))="","",INDEX(Substances!$J$2:$J$60,MATCH($C20,Substances!$A$2:$A$60,0))),"—")) | AB20: =IF($C20="","",IFERROR(IF(INDEX(Substances!$K$2:$K$60,MATCH($C20,Substances!$A$2:$A$60,0))="","",INDEX(Substances!$K$2:$K$60,MATCH($C20,Substances!$A$2:$A$60,0))),"—")) | AC20: =IF($C20="","",IFERROR($U20/28.96,"—")) | AD20: =IF($C20="","",IFERROR(N($G20)*100000+Tables!$B$4,"—")) | AE20: =IF($C20="","",IFERROR($H20+273.15,"—")) | AF20: =IF($C20="","",IFERROR($I20+273.15,"—")) | AG20: =IF($C20="","",IFERROR(IF($D20="Gas/vapour jet",Tables!$B$4*(($W20+1)/2)^($W20/($W20-1)),"n/a"),"—")) | AH20: =IF($C20="","",IFERROR(IF($D20="Gas/vapour jet",IF($AD20>$AG20,"Choked","Subsonic"),"n/a"),"—")) | AI20: =IF($C20="","",IFERROR(IF($D20="Gas/vapour jet","n/a",MIN(101.325,IF($P20<>"",$P20,IF(N(INDEX(Substances!$L$2:$L$60,MATCH($C20,Substances!$A$2:$A$60,0)))<>0,0.133322*10^(INDEX(Substances!$L$2:$L$60,MATCH($C20,Substances!$A$2:$A$60,0))-INDEX(Substances!$M$2:$M$60,MATCH($C20,Substances!$A$2:$A$60,0))/(INDEX(Substances!$N$2:$N$60,MATCH($C20,Substances!$A$2:$A$60,0))+$H20)),101.325*EXP(10.58*(1-($Y20+273.15)/$AE20)))))),"—")) | AJ20: =IF($C20="","",IFERROR(IF($D20="Liquid jet",$K20*$J20*0.000001*SQRT(2*$X20*N($G20)*100000),"n/a"),"—")) | AK20: =IF($C20="","",IFERROR(IF($D20="Gas/vapour jet",IF($AH20="Choked",$K20*$J20*0.000001*$AD20*SQRT($W20*$U20/($L20*Tables!$B$5*$AE20)*(2/($W20+1))^(($W20+1)/($W20-1))),$K20*$J20*0.000001*$AD20*SQRT($U20/($L20*Tables!$B$5*$AE20)*(2*$W20/($W20-1))*(1-(Tables!$B$4/$AD20)^(($W20-1)/$W20))*(Tables!$B$4/$AD20)^(2/$W20))),IF($D20="Liquid jet",$AJ20*IF($M20<>"",$M20,IF($H20>=$Y20,1,0)),6.55*$O20^0.78*$N20*$AI20*$U20^0.667/(Tables!$B$5*$AE20))),"—")) | AL20: =IF($C20="","",IFERROR(Tables!$B$10*$U20*$V20,"—")) | AM20: =IF($C20="","",IFERROR(INDEX(Tables!$B$15:$B$17,MATCH($E20,Tables!$A$15:$A$17,0)),"—")) | AN20: =IF($C20="","",IFERROR($AK20/($AM20*$AL20)*$AF20/Tables!$B$9,"—")) | AO20: =IF($C20="","",IFERROR(IF($F20="Outdoor",Tables!$B$8,$R20/3600),"—")) | AP20: =IF($C20="","",IFERROR($S20*$AN20/$AO20,"—")) | AQ20: =IF($C20="","",IFERROR(IF($AP20<Tables!$B$7,"High",IF($F20="Outdoor","Medium",IF($AP20<$Q20,"Medium","Low"))),"—")) | AR20: =IF($C20="","",IFERROR(-$S20/$AO20*LN($V20*$AM20/Tables!$B$6)/60,"—")) | AS20: =IF($C20="","",IFERROR(INDEX(Tables!$B$22:$J$24,MATCH($E20,Tables!$A$22:$A$24,0),MATCH($AQ20&"-"&$T20,Tables!$B$21:$J$21,0)),"—")) | AT20: =IF($C20="","",IFERROR((3*$AP20/(2*PI()))^(1/3),"—")) | AU20: =IF($C20="","",IFERROR(IF(ISNUMBER(SEARCH("Zone 0",IFERROR(LEFT($AS20,FIND("(",$AS20)-1),$AS20))),"Ga",IF(ISNUMBER(SEARCH("Zone 1",IFERROR(LEFT($AS20,FIND("(",$AS20)-1),$AS20))),"Gb",IF(ISNUMBER(SEARCH("Zone 2",IFERROR(LEFT($AS20,FIND("(",$AS20)-1),$AS20))),"Gc","None required"))),"—")) | AV20: =IF($C20="","",IFERROR(IF($AU20="None required","—",$AB20&" "&INDEX(Tables!$B$31:$B$37,MATCH($AA20-0.001,Tables!$A$31:$A$37,1))),"—")) | AW20: =IF($C20="","",TRIM(IF(IF(ISNUMBER($Z20),$H20<$Z20-5,FALSE()),"Handled >5°C below flash point — may not need zoning (unless mist/spray). ","")&IF(IF(AND($D20="Pool evaporation",ISNUMBER($Y20)),$H20>=$Y20,FALSE()),"Liquid at/above boiling point — pool equation not valid, treat as gas release. ","")&IF(IF(AND($D20="Liquid jet",$M20="",ISNUMBER($Y20)),$H20<$Y20,FALSE()),"Non-flashing liquid: vapour rate set to 0 — model the resulting pool on its own row. ","")&IF(AND($D20="Gas/vapour jet",NOT(ISNUMBER($W20))),"No γ in library for this substance. ","")&IF(IF(ISNUMBER($AC20),$AC20>1.2,FALSE()),"Heavier than air — extend zone at low level / into pits and drains. ","")&IF($AQ20="Low","Vz ≥ V0: ventilation cannot control the release — whole room affected. ","")&IF(AND($F20="Indoor",OR($Q20="",$R20="")),"Indoor: enter room volume and air changes. ","")))
U21: =IF($C21="","",IFERROR(IF(INDEX(Substances!$C$2:$C$60,MATCH($C21,Substances!$A$2:$A$60,0))="","",INDEX(Substances!$C$2:$C$60,MATCH($C21,Substances!$A$2:$A$60,0))),"—")) | V21: =IF($C21="","",IFERROR(IF(INDEX(Substances!$D$2:$D$60,MATCH($C21,Substances!$A$2:$A$60,0))="","",INDEX(Substances!$D$2:$D$60,MATCH($C21,Substances!$A$2:$A$60,0))),"—")) | W21: =IF($C21="","",IFERROR(IF(INDEX(Substances!$F$2:$F$60,MATCH($C21,Substances!$A$2:$A$60,0))="","",INDEX(Substances!$F$2:$F$60,MATCH($C21,Substances!$A$2:$A$60,0))),"—")) | X21: =IF($C21="","",IFERROR(IF(INDEX(Substances!$G$2:$G$60,MATCH($C21,Substances!$A$2:$A$60,0))="","",INDEX(Substances!$G$2:$G$60,MATCH($C21,Substances!$A$2:$A$60,0))),"—")) | Y21: =IF($C21="","",IFERROR(IF(INDEX(Substances!$H$2:$H$60,MATCH($C21,Substances!$A$2:$A$60,0))="","",INDEX(Substances!$H$2:$H$60,MATCH($C21,Substances!$A$2:$A$60,0))),"—")) | Z21: =IF($C21="","",IFERROR(IF(INDEX(Substances!$I$2:$I$60,MATCH($C21,Substances!$A$2:$A$60,0))="","",INDEX(Substances!$I$2:$I$60,MATCH($C21,Substances!$A$2:$A$60,0))),"—")) | AA21: =IF($C21="","",IFERROR(IF(INDEX(Substances!$J$2:$J$60,MATCH($C21,Substances!$A$2:$A$60,0))="","",INDEX(Substances!$J$2:$J$60,MATCH($C21,Substances!$A$2:$A$60,0))),"—")) | AB21: =IF($C21="","",IFERROR(IF(INDEX(Substances!$K$2:$K$60,MATCH($C21,Substances!$A$2:$A$60,0))="","",INDEX(Substances!$K$2:$K$60,MATCH($C21,Substances!$A$2:$A$60,0))),"—")) | AC21: =IF($C21="","",IFERROR($U21/28.96,"—")) | AD21: =IF($C21="","",IFERROR(N($G21)*100000+Tables!$B$4,"—")) | AE21: =IF($C21="","",IFERROR($H21+273.15,"—")) | AF21: =IF($C21="","",IFERROR($I21+273.15,"—")) | AG21: =IF($C21="","",IFERROR(IF($D21="Gas/vapour jet",Tables!$B$4*(($W21+1)/2)^($W21/($W21-1)),"n/a"),"—")) | AH21: =IF($C21="","",IFERROR(IF($D21="Gas/vapour jet",IF($AD21>$AG21,"Choked","Subsonic"),"n/a"),"—")) | AI21: =IF($C21="","",IFERROR(IF($D21="Gas/vapour jet","n/a",MIN(101.325,IF($P21<>"",$P21,IF(N(INDEX(Substances!$L$2:$L$60,MATCH($C21,Substances!$A$2:$A$60,0)))<>0,0.133322*10^(INDEX(Substances!$L$2:$L$60,MATCH($C21,Substances!$A$2:$A$60,0))-INDEX(Substances!$M$2:$M$60,MATCH($C21,Substances!$A$2:$A$60,0))/(INDEX(Substances!$N$2:$N$60,MATCH($C21,Substances!$A$2:$A$60,0))+$H21)),101.325*EXP(10.58*(1-($Y21+273.15)/$AE21)))))),"—")) | AJ21: =IF($C21="","",IFERROR(IF($D21="Liquid jet",$K21*$J21*0.000001*SQRT(2*$X21*N($G21)*100000),"n/a"),"—")) | AK21: =IF($C21="","",IFERROR(IF($D21="Gas/vapour jet",IF($AH21="Choked",$K21*$J21*0.000001*$AD21*SQRT($W21*$U21/($L21*Tables!$B$5*$AE21)*(2/($W21+1))^(($W21+1)/($W21-1))),$K21*$J21*0.000001*$AD21*SQRT($U21/($L21*Tables!$B$5*$AE21)*(2*$W21/($W21-1))*(1-(Tables!$B$4/$AD21)^(($W21-1)/$W21))*(Tables!$B$4/$AD21)^(2/$W21))),IF($D21="Liquid jet",$AJ21*IF($M21<>"",$M21,IF($H21>=$Y21,1,0)),6.55*$O21^0.78*$N21*$AI21*$U21^0.667/(Tables!$B$5*$AE21))),"—")) | AL21: =IF($C21="","",IFERROR(Tables!$B$10*$U21*$V21,"—")) | AM21: =IF($C21="","",IFERROR(INDEX(Tables!$B$15:$B$17,MATCH($E21,Tables!$A$15:$A$17,0)),"—")) | AN21: =IF($C21="","",IFERROR($AK21/($AM21*$AL21)*$AF21/Tables!$B$9,"—")) | AO21: =IF($C21="","",IFERROR(IF($F21="Outdoor",Tables!$B$8,$R21/3600),"—")) | AP21: =IF($C21="","",IFERROR($S21*$AN21/$AO21,"—")) | AQ21: =IF($C21="","",IFERROR(IF($AP21<Tables!$B$7,"High",IF($F21="Outdoor","Medium",IF($AP21<$Q21,"Medium","Low"))),"—")) | AR21: =IF($C21="","",IFERROR(-$S21/$AO21*LN($V21*$AM21/Tables!$B$6)/60,"—")) | AS21: =IF($C21="","",IFERROR(INDEX(Tables!$B$22:$J$24,MATCH($E21,Tables!$A$22:$A$24,0),MATCH($AQ21&"-"&$T21,Tables!$B$21:$J$21,0)),"—")) | AT21: =IF($C21="","",IFERROR((3*$AP21/(2*PI()))^(1/3),"—")) | AU21: =IF($C21="","",IFERROR(IF(ISNUMBER(SEARCH("Zone 0",IFERROR(LEFT($AS21,FIND("(",$AS21)-1),$AS21))),"Ga",IF(ISNUMBER(SEARCH("Zone 1",IFERROR(LEFT($AS21,FIND("(",$AS21)-1),$AS21))),"Gb",IF(ISNUMBER(SEARCH("Zone 2",IFERROR(LEFT($AS21,FIND("(",$AS21)-1),$AS21))),"Gc","None required"))),"—")) | AV21: =IF($C21="","",IFERROR(IF($AU21="None required","—",$AB21&" "&INDEX(Tables!$B$31:$B$37,MATCH($AA21-0.001,Tables!$A$31:$A$37,1))),"—")) | AW21: =IF($C21="","",TRIM(IF(IF(ISNUMBER($Z21),$H21<$Z21-5,FALSE()),"Handled >5°C below flash point — may not need zoning (unless mist/spray). ","")&IF(IF(AND($D21="Pool evaporation",ISNUMBER($Y21)),$H21>=$Y21,FALSE()),"Liquid at/above boiling point — pool equation not valid, treat as gas release. ","")&IF(IF(AND($D21="Liquid jet",$M21="",ISNUMBER($Y21)),$H21<$Y21,FALSE()),"Non-flashing liquid: vapour rate set to 0 — model the resulting pool on its own row. ","")&IF(AND($D21="Gas/vapour jet",NOT(ISNUMBER($W21))),"No γ in library for this substance. ","")&IF(IF(ISNUMBER($AC21),$AC21>1.2,FALSE()),"Heavier than air — extend zone at low level / into pits and drains. ","")&IF($AQ21="Low","Vz ≥ V0: ventilation cannot control the release — whole room affected. ","")&IF(AND($F21="Indoor",OR($Q21="",$R21="")),"Indoor: enter room volume and air changes. ","")))
U22: =IF($C22="","",IFERROR(IF(INDEX(Substances!$C$2:$C$60,MATCH($C22,Substances!$A$2:$A$60,0))="","",INDEX(Substances!$C$2:$C$60,MATCH($C22,Substances!$A$2:$A$60,0))),"—")) | V22: =IF($C22="","",IFERROR(IF(INDEX(Substances!$D$2:$D$60,MATCH($C22,Substances!$A$2:$A$60,0))="","",INDEX(Substances!$D$2:$D$60,MATCH($C22,Substances!$A$2:$A$60,0))),"—")) | W22: =IF($C22="","",IFERROR(IF(INDEX(Substances!$F$2:$F$60,MATCH($C22,Substances!$A$2:$A$60,0))="","",INDEX(Substances!$F$2:$F$60,MATCH($C22,Substances!$A$2:$A$60,0))),"—")) | X22: =IF($C22="","",IFERROR(IF(INDEX(Substances!$G$2:$G$60,MATCH($C22,Substances!$A$2:$A$60,0))="","",INDEX(Substances!$G$2:$G$60,MATCH($C22,Substances!$A$2:$A$60,0))),"—")) | Y22: =IF($C22="","",IFERROR(IF(INDEX(Substances!$H$2:$H$60,MATCH($C22,Substances!$A$2:$A$60,0))="","",INDEX(Substances!$H$2:$H$60,MATCH($C22,Substances!$A$2:$A$60,0))),"—")) | Z22: =IF($C22="","",IFERROR(IF(INDEX(Substances!$I$2:$I$60,MATCH($C22,Substances!$A$2:$A$60,0))="","",INDEX(Substances!$I$2:$I$60,MATCH($C22,Substances!$A$2:$A$60,0))),"—")) | AA22: =IF($C22="","",IFERROR(IF(INDEX(Substances!$J$2:$J$60,MATCH($C22,Substances!$A$2:$A$60,0))="","",INDEX(Substances!$J$2:$J$60,MATCH($C22,Substances!$A$2:$A$60,0))),"—")) | AB22: =IF($C22="","",IFERROR(IF(INDEX(Substances!$K$2:$K$60,MATCH($C22,Substances!$A$2:$A$60,0))="","",INDEX(Substances!$K$2:$K$60,MATCH($C22,Substances!$A$2:$A$60,0))),"—")) | AC22: =IF($C22="","",IFERROR($U22/28.96,"—")) | AD22: =IF($C22="","",IFERROR(N($G22)*100000+Tables!$B$4,"—")) | AE22: =IF($C22="","",IFERROR($H22+273.15,"—")) | AF22: =IF($C22="","",IFERROR($I22+273.15,"—")) | AG22: =IF($C22="","",IFERROR(IF($D22="Gas/vapour jet",Tables!$B$4*(($W22+1)/2)^($W22/($W22-1)),"n/a"),"—")) | AH22: =IF($C22="","",IFERROR(IF($D22="Gas/vapour jet",IF($AD22>$AG22,"Choked","Subsonic"),"n/a"),"—")) | AI22: =IF($C22="","",IFERROR(IF($D22="Gas/vapour jet","n/a",MIN(101.325,IF($P22<>"",$P22,IF(N(INDEX(Substances!$L$2:$L$60,MATCH($C22,Substances!$A$2:$A$60,0)))<>0,0.133322*10^(INDEX(Substances!$L$2:$L$60,MATCH($C22,Substances!$A$2:$A$60,0))-INDEX(Substances!$M$2:$M$60,MATCH($C22,Substances!$A$2:$A$60,0))/(INDEX(Substances!$N$2:$N$60,MATCH($C22,Substances!$A$2:$A$60,0))+$H22)),101.325*EXP(10.58*(1-($Y22+273.15)/$AE22)))))),"—")) | AJ22: =IF($C22="","",IFERROR(IF($D22="Liquid jet",$K22*$J22*0.000001*SQRT(2*$X22*N($G22)*100000),"n/a"),"—")) | AK22: =IF($C22="","",IFERROR(IF($D22="Gas/vapour jet",IF($AH22="Choked",$K22*$J22*0.000001*$AD22*SQRT($W22*$U22/($L22*Tables!$B$5*$AE22)*(2/($W22+1))^(($W22+1)/($W22-1))),$K22*$J22*0.000001*$AD22*SQRT($U22/($L22*Tables!$B$5*$AE22)*(2*$W22/($W22-1))*(1-(Tables!$B$4/$AD22)^(($W22-1)/$W22))*(Tables!$B$4/$AD22)^(2/$W22))),IF($D22="Liquid jet",$AJ22*IF($M22<>"",$M22,IF($H22>=$Y22,1,0)),6.55*$O22^0.78*$N22*$AI22*$U22^0.667/(Tables!$B$5*$AE22))),"—")) | AL22: =IF($C22="","",IFERROR(Tables!$B$10*$U22*$V22,"—")) | AM22: =IF($C22="","",IFERROR(INDEX(Tables!$B$15:$B$17,MATCH($E22,Tables!$A$15:$A$17,0)),"—")) | AN22: =IF($C22="","",IFERROR($AK22/($AM22*$AL22)*$AF22/Tables!$B$9,"—")) | AO22: =IF($C22="","",IFERROR(IF($F22="Outdoor",Tables!$B$8,$R22/3600),"—")) | AP22: =IF($C22="","",IFERROR($S22*$AN22/$AO22,"—")) | AQ22: =IF($C22="","",IFERROR(IF($AP22<Tables!$B$7,"High",IF($F22="Outdoor","Medium",IF($AP22<$Q22,"Medium","Low"))),"—")) | AR22: =IF($C22="","",IFERROR(-$S22/$AO22*LN($V22*$AM22/Tables!$B$6)/60,"—")) | AS22: =IF($C22="","",IFERROR(INDEX(Tables!$B$22:$J$24,MATCH($E22,Tables!$A$22:$A$24,0),MATCH($AQ22&"-"&$T22,Tables!$B$21:$J$21,0)),"—")) | AT22: =IF($C22="","",IFERROR((3*$AP22/(2*PI()))^(1/3),"—")) | AU22: =IF($C22="","",IFERROR(IF(ISNUMBER(SEARCH("Zone 0",IFERROR(LEFT($AS22,FIND("(",$AS22)-1),$AS22))),"Ga",IF(ISNUMBER(SEARCH("Zone 1",IFERROR(LEFT($AS22,FIND("(",$AS22)-1),$AS22))),"Gb",IF(ISNUMBER(SEARCH("Zone 2",IFERROR(LEFT($AS22,FIND("(",$AS22)-1),$AS22))),"Gc","None required"))),"—")) | AV22: =IF($C22="","",IFERROR(IF($AU22="None required","—",$AB22&" "&INDEX(Tables!$B$31:$B$37,MATCH($AA22-0.001,Tables!$A$31:$A$37,1))),"—")) | AW22: =IF($C22="","",TRIM(IF(IF(ISNUMBER($Z22),$H22<$Z22-5,FALSE()),"Handled >5°C below flash point — may not need zoning (unless mist/spray). ","")&IF(IF(AND($D22="Pool evaporation",ISNUMBER($Y22)),$H22>=$Y22,FALSE()),"Liquid at/above boiling point — pool equation not valid, treat as gas release. ","")&IF(IF(AND($D22="Liquid jet",$M22="",ISNUMBER($Y22)),$H22<$Y22,FALSE()),"Non-flashing liquid: vapour rate set to 0 — model the resulting pool on its own row. ","")&IF(AND($D22="Gas/vapour jet",NOT(ISNUMBER($W22))),"No γ in library for this substance. ","")&IF(IF(ISNUMBER($AC22),$AC22>1.2,FALSE()),"Heavier than air — extend zone at low level / into pits and drains. ","")&IF($AQ22="Low","Vz ≥ V0: ventilation cannot control the release — whole room affected. ","")&IF(AND($F22="Indoor",OR($Q22="",$R22="")),"Indoor: enter room volume and air changes. ","")))
U23: =IF($C23="","",IFERROR(IF(INDEX(Substances!$C$2:$C$60,MATCH($C23,Substances!$A$2:$A$60,0))="","",INDEX(Substances!$C$2:$C$60,MATCH($C23,Substances!$A$2:$A$60,0))),"—")) | V23: =IF($C23="","",IFERROR(IF(INDEX(Substances!$D$2:$D$60,MATCH($C23,Substances!$A$2:$A$60,0))="","",INDEX(Substances!$D$2:$D$60,MATCH($C23,Substances!$A$2:$A$60,0))),"—")) | W23: =IF($C23="","",IFERROR(IF(INDEX(Substances!$F$2:$F$60,MATCH($C23,Substances!$A$2:$A$60,0))="","",INDEX(Substances!$F$2:$F$60,MATCH($C23,Substances!$A$2:$A$60,0))),"—")) | X23: =IF($C23="","",IFERROR(IF(INDEX(Substances!$G$2:$G$60,MATCH($C23,Substances!$A$2:$A$60,0))="","",INDEX(Substances!$G$2:$G$60,MATCH($C23,Substances!$A$2:$A$60,0))),"—")) | Y23: =IF($C23="","",IFERROR(IF(INDEX(Substances!$H$2:$H$60,MATCH($C23,Substances!$A$2:$A$60,0))="","",INDEX(Substances!$H$2:$H$60,MATCH($C23,Substances!$A$2:$A$60,0))),"—")) | Z23: =IF($C23="","",IFERROR(IF(INDEX(Substances!$I$2:$I$60,MATCH($C23,Substances!$A$2:$A$60,0))="","",INDEX(Substances!$I$2:$I$60,MATCH($C23,Substances!$A$2:$A$60,0))),"—")) | AA23: =IF($C23="","",IFERROR(IF(INDEX(Substances!$J$2:$J$60,MATCH($C23,Substances!$A$2:$A$60,0))="","",INDEX(Substances!$J$2:$J$60,MATCH($C23,Substances!$A$2:$A$60,0))),"—")) | AB23: =IF($C23="","",IFERROR(IF(INDEX(Substances!$K$2:$K$60,MATCH($C23,Substances!$A$2:$A$60,0))="","",INDEX(Substances!$K$2:$K$60,MATCH($C23,Substances!$A$2:$A$60,0))),"—")) | AC23: =IF($C23="","",IFERROR($U23/28.96,"—")) | AD23: =IF($C23="","",IFERROR(N($G23)*100000+Tables!$B$4,"—")) | AE23: =IF($C23="","",IFERROR($H23+273.15,"—")) | AF23: =IF($C23="","",IFERROR($I23+273.15,"—")) | AG23: =IF($C23="","",IFERROR(IF($D23="Gas/vapour jet",Tables!$B$4*(($W23+1)/2)^($W23/($W23-1)),"n/a"),"—")) | AH23: =IF($C23="","",IFERROR(IF($D23="Gas/vapour jet",IF($AD23>$AG23,"Choked","Subsonic"),"n/a"),"—")) | AI23: =IF($C23="","",IFERROR(IF($D23="Gas/vapour jet","n/a",MIN(101.325,IF($P23<>"",$P23,IF(N(INDEX(Substances!$L$2:$L$60,MATCH($C23,Substances!$A$2:$A$60,0)))<>0,0.133322*10^(INDEX(Substances!$L$2:$L$60,MATCH($C23,Substances!$A$2:$A$60,0))-INDEX(Substances!$M$2:$M$60,MATCH($C23,Substances!$A$2:$A$60,0))/(INDEX(Substances!$N$2:$N$60,MATCH($C23,Substances!$A$2:$A$60,0))+$H23)),101.325*EXP(10.58*(1-($Y23+273.15)/$AE23)))))),"—")) | AJ23: =IF($C23="","",IFERROR(IF($D23="Liquid jet",$K23*$J23*0.000001*SQRT(2*$X23*N($G23)*100000),"n/a"),"—")) | AK23: =IF($C23="","",IFERROR(IF($D23="Gas/vapour jet",IF($AH23="Choked",$K23*$J23*0.000001*$AD23*SQRT($W23*$U23/($L23*Tables!$B$5*$AE23)*(2/($W23+1))^(($W23+1)/($W23-1))),$K23*$J23*0.000001*$AD23*SQRT($U23/($L23*Tables!$B$5*$AE23)*(2*$W23/($W23-1))*(1-(Tables!$B$4/$AD23)^(($W23-1)/$W23))*(Tables!$B$4/$AD23)^(2/$W23))),IF($D23="Liquid jet",$AJ23*IF($M23<>"",$M23,IF($H23>=$Y23,1,0)),6.55*$O23^0.78*$N23*$AI23*$U23^0.667/(Tables!$B$5*$AE23))),"—")) | AL23: =IF($C23="","",IFERROR(Tables!$B$10*$U23*$V23,"—")) | AM23: =IF($C23="","",IFERROR(INDEX(Tables!$B$15:$B$17,MATCH($E23,Tables!$A$15:$A$17,0)),"—")) | AN23: =IF($C23="","",IFERROR($AK23/($AM23*$AL23)*$AF23/Tables!$B$9,"—")) | AO23: =IF($C23="","",IFERROR(IF($F23="Outdoor",Tables!$B$8,$R23/3600),"—")) | AP23: =IF($C23="","",IFERROR($S23*$AN23/$AO23,"—")) | AQ23: =IF($C23="","",IFERROR(IF($AP23<Tables!$B$7,"High",IF($F23="Outdoor","Medium",IF($AP23<$Q23,"Medium","Low"))),"—")) | AR23: =IF($C23="","",IFERROR(-$S23/$AO23*LN($V23*$AM23/Tables!$B$6)/60,"—")) | AS23: =IF($C23="","",IFERROR(INDEX(Tables!$B$22:$J$24,MATCH($E23,Tables!$A$22:$A$24,0),MATCH($AQ23&"-"&$T23,Tables!$B$21:$J$21,0)),"—")) | AT23: =IF($C23="","",IFERROR((3*$AP23/(2*PI()))^(1/3),"—")) | AU23: =IF($C23="","",IFERROR(IF(ISNUMBER(SEARCH("Zone 0",IFERROR(LEFT($AS23,FIND("(",$AS23)-1),$AS23))),"Ga",IF(ISNUMBER(SEARCH("Zone 1",IFERROR(LEFT($AS23,FIND("(",$AS23)-1),$AS23))),"Gb",IF(ISNUMBER(SEARCH("Zone 2",IFERROR(LEFT($AS23,FIND("(",$AS23)-1),$AS23))),"Gc","None required"))),"—")) | AV23: =IF($C23="","",IFERROR(IF($AU23="None required","—",$AB23&" "&INDEX(Tables!$B$31:$B$37,MATCH($AA23-0.001,Tables!$A$31:$A$37,1))),"—")) | AW23: =IF($C23="","",TRIM(IF(IF(ISNUMBER($Z23),$H23<$Z23-5,FALSE()),"Handled >5°C below flash point — may not need zoning (unless mist/spray). ","")&IF(IF(AND($D23="Pool evaporation",ISNUMBER($Y23)),$H23>=$Y23,FALSE()),"Liquid at/above boiling point — pool equation not valid, treat as gas release. ","")&IF(IF(AND($D23="Liquid jet",$M23="",ISNUMBER($Y23)),$H23<$Y23,FALSE()),"Non-flashing liquid: vapour rate set to 0 — model the resulting pool on its own row. ","")&IF(AND($D23="Gas/vapour jet",NOT(ISNUMBER($W23))),"No γ in library for this substance. ","")&IF(IF(ISNUMBER($AC23),$AC23>1.2,FALSE()),"Heavier than air — extend zone at low level / into pits and drains. ","")&IF($AQ23="Low","Vz ≥ V0: ventilation cannot control the release — whole room affected. ","")&IF(AND($F23="Indoor",OR($Q23="",$R23="")),"Indoor: enter room volume and air changes. ","")))
... U57: =IF($C57="","",IFERROR(IF(INDEX(Substances!$C$2:$C$60,MATCH($C57,Substances!$A$2:$A$60,0))="","",INDEX(Substances!$C$2:$C$60,MATCH($C57,Substances!$A$2:$A$60,0))),"—")) | V57: =IF($C57="","",IFERROR(IF(INDEX(Substances!$D$2:$D$60,MATCH($C57,Substances!$A$2:$A$60,0))="","",INDEX(Substances!$D$2:$D$60,MATCH($C57,Substances!$A$2:$A$60,0))),"—")) | W57: =IF($C57="","",IFERROR(IF(INDEX(Substances!$F$2:$F$60,MATCH($C57,Substances!$A$2:$A$60,0))="","",INDEX(Substances!$F$2:$F$60,MATCH($C57,Substances!$A$2:$A$60,0))),"—")) | X57: =IF($C57="","",IFERROR(IF(INDEX(Substances!$G$2:$G$60,MATCH($C57,Substances!$A$2:$A$60,0))="","",INDEX(Substances!$G$2:$G$60,MATCH($C57,Substances!$A$2:$A$60,0))),"—")) | Y57: =IF($C57="","",IFERROR(IF(INDEX(Substances!$H$2:$H$60,MATCH($C57,Substances!$A$2:$A$60,0))="","",INDEX(Substances!$H$2:$H$60,MATCH($C57,Substances!$A$2:$A$60,0))),"—")) | Z57: =IF($C57="","",IFERROR(IF(INDEX(Substances!$I$2:$I$60,MATCH($C57,Substances!$A$2:$A$60,0))="","",INDEX(Substances!$I$2:$I$60,MATCH($C57,Substances!$A$2:$A$60,0))),"—")) | AA57: =IF($C57="","",IFERROR(IF(INDEX(Substances!$J$2:$J$60,MATCH($C57,Substances!$A$2:$A$60,0))="","",INDEX(Substances!$J$2:$J$60,MATCH($C57,Substances!$A$2:$A$60,0))),"—")) | AB57: =IF($C57="","",IFERROR(IF(INDEX(Substances!$K$2:$K$60,MATCH($C57,Substances!$A$2:$A$60,0))="","",INDEX(Substances!$K$2:$K$60,MATCH($C57,Substances!$A$2:$A$60,0))),"—")) | AC57: =IF($C57="","",IFERROR($U57/28.96,"—")) | AD57: =IF($C57="","",IFERROR(N($G57)*100000+Tables!$B$4,"—")) | AE57: =IF($C57="","",IFERROR($H57+273.15,"—")) | AF57: =IF($C57="","",IFERROR($I57+273.15,"—")) | AG57: =IF($C57="","",IFERROR(IF($D57="Gas/vapour jet",Tables!$B$4*(($W57+1)/2)^($W57/($W57-1)),"n/a"),"—")) | AH57: =IF($C57="","",IFERROR(IF($D57="Gas/vapour jet",IF($AD57>$AG57,"Choked","Subsonic"),"n/a"),"—")) | AI57: =IF($C57="","",IFERROR(IF($D57="Gas/vapour jet","n/a",MIN(101.325,IF($P57<>"",$P57,IF(N(INDEX(Substances!$L$2:$L$60,MATCH($C57,Substances!$A$2:$A$60,0)))<>0,0.133322*10^(INDEX(Substances!$L$2:$L$60,MATCH($C57,Substances!$A$2:$A$60,0))-INDEX(Substances!$M$2:$M$60,MATCH($C57,Substances!$A$2:$A$60,0))/(INDEX(Substances!$N$2:$N$60,MATCH($C57,Substances!$A$2:$A$60,0))+$H57)),101.325*EXP(10.58*(1-($Y57+273.15)/$AE57)))))),"—")) | AJ57: =IF($C57="","",IFERROR(IF($D57="Liquid jet",$K57*$J57*0.000001*SQRT(2*$X57*N($G57)*100000),"n/a"),"—")) | AK57: =IF($C57="","",IFERROR(IF($D57="Gas/vapour jet",IF($AH57="Choked",$K57*$J57*0.000001*$AD57*SQRT($W57*$U57/($L57*Tables!$B$5*$AE57)*(2/($W57+1))^(($W57+1)/($W57-1))),$K57*$J57*0.000001*$AD57*SQRT($U57/($L57*Tables!$B$5*$AE57)*(2*$W57/($W57-1))*(1-(Tables!$B$4/$AD57)^(($W57-1)/$W57))*(Tables!$B$4/$AD57)^(2/$W57))),IF($D57="Liquid jet",$AJ57*IF($M57<>"",$M57,IF($H57>=$Y57,1,0)),6.55*$O57^0.78*$N57*$AI57*$U57^0.667/(Tables!$B$5*$AE57))),"—")) | AL57: =IF($C57="","",IFERROR(Tables!$B$10*$U57*$V57,"—")) | AM57: =IF($C57="","",IFERROR(INDEX(Tables!$B$15:$B$17,MATCH($E57,Tables!$A$15:$A$17,0)),"—")) | AN57: =IF($C57="","",IFERROR($AK57/($AM57*$AL57)*$AF57/Tables!$B$9,"—")) | AO57: =IF($C57="","",IFERROR(IF($F57="Outdoor",Tables!$B$8,$R57/3600),"—")) | AP57: =IF($C57="","",IFERROR($S57*$AN57/$AO57,"—")) | AQ57: =IF($C57="","",IFERROR(IF($AP57<Tables!$B$7,"High",IF($F57="Outdoor","Medium",IF($AP57<$Q57,"Medium","Low"))),"—")) | AR57: =IF($C57="","",IFERROR(-$S57/$AO57*LN($V57*$AM57/Tables!$B$6)/60,"—")) | AS57: =IF($C57="","",IFERROR(INDEX(Tables!$B$22:$J$24,MATCH($E57,Tables!$A$22:$A$24,0),MATCH($AQ57&"-"&$T57,Tables!$B$21:$J$21,0)),"—")) | AT57: =IF($C57="","",IFERROR((3*$AP57/(2*PI()))^(1/3),"—")) | AU57: =IF($C57="","",IFERROR(IF(ISNUMBER(SEARCH("Zone 0",IFERROR(LEFT($AS57,FIND("(",$AS57)-1),$AS57))),"Ga",IF(ISNUMBER(SEARCH("Zone 1",IFERROR(LEFT($AS57,FIND("(",$AS57)-1),$AS57))),"Gb",IF(ISNUMBER(SEARCH("Zone 2",IFERROR(LEFT($AS57,FIND("(",$AS57)-1),$AS57))),"Gc","None required"))),"—")) | AV57: =IF($C57="","",IFERROR(IF($AU57="None required","—",$AB57&" "&INDEX(Tables!$B$31:$B$37,MATCH($AA57-0.001,Tables!$A$31:$A$37,1))),"—")) | AW57: =IF($C57="","",TRIM(IF(IF(ISNUMBER($Z57),$H57<$Z57-5,FALSE()),"Handled >5°C below flash point — may not need zoning (unless mist/spray). ","")&IF(IF(AND($D57="Pool evaporation",ISNUMBER($Y57)),$H57>=$Y57,FALSE()),"Liquid at/above boiling point — pool equation not valid, treat as gas release. ","")&IF(IF(AND($D57="Liquid jet",$M57="",ISNUMBER($Y57)),$H57<$Y57,FALSE()),"Non-flashing liquid: vapour rate set to 0 — model the resulting pool on its own row. ","")&IF(AND($D57="Gas/vapour jet",NOT(ISNUMBER($W57))),"No γ in library for this substance. ","")&IF(IF(ISNUMBER($AC57),$AC57>1.2,FALSE()),"Heavier than air — extend zone at low level / into pits and drains. ","")&IF($AQ57="Low","Vz ≥ V0: ventilation cannot control the release — whole room affected. ","")&IF(AND($F57="Indoor",OR($Q57="",$R57="")),"Indoor: enter room volume and air changes. ","")))

Sheet Dust
A1: Combustible dust: IEC 60079-10-2, surface temperatures per IEC 60079-14
A2: Add dust properties on the Dusts sheet first. Zone extent is an assessor input: 1 m is a common starting point for Zone 21 or 22 around a source, adjusted for the dust and the release.
A5: Ref | B5: Source of release / location | C5: Dust | D5: Grade of release (dust cloud) | E5: Housekeeping (dust layers) | F5: Max layer thickness (mm) | G5: Zone extent from source (m) | H5: Dust group | I5: MIT cloud (°C) | J5: MIT 5 mm layer (°C) | K5: MIE (mJ) | L5: Zone from release | M5: Zone from layers | N5: ZONE | O5: Required EPL | P5: Cloud limit ⅔ × MIT (°C) | Q5: Layer limit (°C) | R5: Max equipment surface temp (°C) | S5: Flags / notes
A6: D1 | B6: Bag tipping station, mixing room | C6: EXAMPLE organic dust | D6: Primary | E6: Fair | F6: 2 | G6: 1 | H6: =IF($C6="","",IFERROR(INDEX(Dusts!$B$2:$B$40,MATCH($C6,Dusts!$A$2:$A$40,0)),"—")) -> IIIB | I6: =IF($C6="","",IFERROR(INDEX(Dusts!$C$2:$C$40,MATCH($C6,Dusts!$A$2:$A$40,0)),"—")) -> 430 | J6: =IF($C6="","",IFERROR(INDEX(Dusts!$D$2:$D$40,MATCH($C6,Dusts!$A$2:$A$40,0)),"—")) -> 300 | K6: =IF($C6="","",IFERROR(INDEX(Dusts!$E$2:$E$40,MATCH($C6,Dusts!$A$2:$A$40,0)),"—")) -> 30 | L6: =IF($C6="","",IFERROR(IF($D6="Continuous",20,IF($D6="Primary",21,IF($D6="Secondary",22,99))),"—")) -> 21 | M6: =IF($C6="","",IFERROR(IF($E6="Poor",21,IF($E6="Fair",22,99)),"—")) -> 22 | N6: =IF($C6="","",IFERROR(IF(MIN($L6,$M6)=99,"Non-hazardous","Zone "&MIN($L6,$M6)),"—")) -> Zone 21 | O6: =IF($C6="","",IFERROR(IF($N6="Zone 20","Da",IF($N6="Zone 21","Db",IF($N6="Zone 22","Dc","None required"))),"—")) -> Db | P6: =IF($C6="","",IFERROR(2/3*$I6,"—")) -> 286.66667 | Q6: =IF($C6="","",IFERROR(IF(N($F6)<=5,$J6-75,IF($F6<=50,"Reduce — see IEC 60079-14 graph","Lab test required")),"—")) -> 225 | R6: =IF($C6="","",IFERROR(IF(ISNUMBER($Q6),MIN($P6,$Q6),$P6),"—")) -> 225 | S6: =IF($C6="","",TRIM(IF(N($F6)>5,"Layer >5 mm: cloud limit shown only — layer limit must be reduced. ","")&IF($H6="IIIC","Conductive dust (IIIC): check equipment group IIIC. ","")&IF(IF(ISNUMBER($K6),$K6<10,FALSE()),"Low MIE (<10 mJ): sensitive to electrostatic ignition. ","")&IF($E6="Poor","Poor housekeeping drives Zone 21 — improving cleaning lowers the zone. ","")))
H7: =IF($C7="","",IFERROR(INDEX(Dusts!$B$2:$B$40,MATCH($C7,Dusts!$A$2:$A$40,0)),"—")) | I7: =IF($C7="","",IFERROR(INDEX(Dusts!$C$2:$C$40,MATCH($C7,Dusts!$A$2:$A$40,0)),"—")) | J7: =IF($C7="","",IFERROR(INDEX(Dusts!$D$2:$D$40,MATCH($C7,Dusts!$A$2:$A$40,0)),"—")) | K7: =IF($C7="","",IFERROR(INDEX(Dusts!$E$2:$E$40,MATCH($C7,Dusts!$A$2:$A$40,0)),"—")) | L7: =IF($C7="","",IFERROR(IF($D7="Continuous",20,IF($D7="Primary",21,IF($D7="Secondary",22,99))),"—")) | M7: =IF($C7="","",IFERROR(IF($E7="Poor",21,IF($E7="Fair",22,99)),"—")) | N7: =IF($C7="","",IFERROR(IF(MIN($L7,$M7)=99,"Non-hazardous","Zone "&MIN($L7,$M7)),"—")) | O7: =IF($C7="","",IFERROR(IF($N7="Zone 20","Da",IF($N7="Zone 21","Db",IF($N7="Zone 22","Dc","None required"))),"—")) | P7: =IF($C7="","",IFERROR(2/3*$I7,"—")) | Q7: =IF($C7="","",IFERROR(IF(N($F7)<=5,$J7-75,IF($F7<=50,"Reduce — see IEC 60079-14 graph","Lab test required")),"—")) | R7: =IF($C7="","",IFERROR(IF(ISNUMBER($Q7),MIN($P7,$Q7),$P7),"—")) | S7: =IF($C7="","",TRIM(IF(N($F7)>5,"Layer >5 mm: cloud limit shown only — layer limit must be reduced. ","")&IF($H7="IIIC","Conductive dust (IIIC): check equipment group IIIC. ","")&IF(IF(ISNUMBER($K7),$K7<10,FALSE()),"Low MIE (<10 mJ): sensitive to electrostatic ignition. ","")&IF($E7="Poor","Poor housekeeping drives Zone 21 — improving cleaning lowers the zone. ","")))
H8: =IF($C8="","",IFERROR(INDEX(Dusts!$B$2:$B$40,MATCH($C8,Dusts!$A$2:$A$40,0)),"—")) | I8: =IF($C8="","",IFERROR(INDEX(Dusts!$C$2:$C$40,MATCH($C8,Dusts!$A$2:$A$40,0)),"—")) | J8: =IF($C8="","",IFERROR(INDEX(Dusts!$D$2:$D$40,MATCH($C8,Dusts!$A$2:$A$40,0)),"—")) | K8: =IF($C8="","",IFERROR(INDEX(Dusts!$E$2:$E$40,MATCH($C8,Dusts!$A$2:$A$40,0)),"—")) | L8: =IF($C8="","",IFERROR(IF($D8="Continuous",20,IF($D8="Primary",21,IF($D8="Secondary",22,99))),"—")) | M8: =IF($C8="","",IFERROR(IF($E8="Poor",21,IF($E8="Fair",22,99)),"—")) | N8: =IF($C8="","",IFERROR(IF(MIN($L8,$M8)=99,"Non-hazardous","Zone "&MIN($L8,$M8)),"—")) | O8: =IF($C8="","",IFERROR(IF($N8="Zone 20","Da",IF($N8="Zone 21","Db",IF($N8="Zone 22","Dc","None required"))),"—")) | P8: =IF($C8="","",IFERROR(2/3*$I8,"—")) | Q8: =IF($C8="","",IFERROR(IF(N($F8)<=5,$J8-75,IF($F8<=50,"Reduce — see IEC 60079-14 graph","Lab test required")),"—")) | R8: =IF($C8="","",IFERROR(IF(ISNUMBER($Q8),MIN($P8,$Q8),$P8),"—")) | S8: =IF($C8="","",TRIM(IF(N($F8)>5,"Layer >5 mm: cloud limit shown only — layer limit must be reduced. ","")&IF($H8="IIIC","Conductive dust (IIIC): check equipment group IIIC. ","")&IF(IF(ISNUMBER($K8),$K8<10,FALSE()),"Low MIE (<10 mJ): sensitive to electrostatic ignition. ","")&IF($E8="Poor","Poor housekeeping drives Zone 21 — improving cleaning lowers the zone. ","")))
H9: =IF($C9="","",IFERROR(INDEX(Dusts!$B$2:$B$40,MATCH($C9,Dusts!$A$2:$A$40,0)),"—")) | I9: =IF($C9="","",IFERROR(INDEX(Dusts!$C$2:$C$40,MATCH($C9,Dusts!$A$2:$A$40,0)),"—")) | J9: =IF($C9="","",IFERROR(INDEX(Dusts!$D$2:$D$40,MATCH($C9,Dusts!$A$2:$A$40,0)),"—")) | K9: =IF($C9="","",IFERROR(INDEX(Dusts!$E$2:$E$40,MATCH($C9,Dusts!$A$2:$A$40,0)),"—")) | L9: =IF($C9="","",IFERROR(IF($D9="Continuous",20,IF($D9="Primary",21,IF($D9="Secondary",22,99))),"—")) | M9: =IF($C9="","",IFERROR(IF($E9="Poor",21,IF($E9="Fair",22,99)),"—")) | N9: =IF($C9="","",IFERROR(IF(MIN($L9,$M9)=99,"Non-hazardous","Zone "&MIN($L9,$M9)),"—")) | O9: =IF($C9="","",IFERROR(IF($N9="Zone 20","Da",IF($N9="Zone 21","Db",IF($N9="Zone 22","Dc","None required"))),"—")) | P9: =IF($C9="","",IFERROR(2/3*$I9,"—")) | Q9: =IF($C9="","",IFERROR(IF(N($F9)<=5,$J9-75,IF($F9<=50,"Reduce — see IEC 60079-14 graph","Lab test required")),"—")) | R9: =IF($C9="","",IFERROR(IF(ISNUMBER($Q9),MIN($P9,$Q9),$P9),"—")) | S9: =IF($C9="","",TRIM(IF(N($F9)>5,"Layer >5 mm: cloud limit shown only — layer limit must be reduced. ","")&IF($H9="IIIC","Conductive dust (IIIC): check equipment group IIIC. ","")&IF(IF(ISNUMBER($K9),$K9<10,FALSE()),"Low MIE (<10 mJ): sensitive to electrostatic ignition. ","")&IF($E9="Poor","Poor housekeeping drives Zone 21 — improving cleaning lowers the zone. ","")))
H10: =IF($C10="","",IFERROR(INDEX(Dusts!$B$2:$B$40,MATCH($C10,Dusts!$A$2:$A$40,0)),"—")) | I10: =IF($C10="","",IFERROR(INDEX(Dusts!$C$2:$C$40,MATCH($C10,Dusts!$A$2:$A$40,0)),"—")) | J10: =IF($C10="","",IFERROR(INDEX(Dusts!$D$2:$D$40,MATCH($C10,Dusts!$A$2:$A$40,0)),"—")) | K10: =IF($C10="","",IFERROR(INDEX(Dusts!$E$2:$E$40,MATCH($C10,Dusts!$A$2:$A$40,0)),"—")) | L10: =IF($C10="","",IFERROR(IF($D10="Continuous",20,IF($D10="Primary",21,IF($D10="Secondary",22,99))),"—")) | M10: =IF($C10="","",IFERROR(IF($E10="Poor",21,IF($E10="Fair",22,99)),"—")) | N10: =IF($C10="","",IFERROR(IF(MIN($L10,$M10)=99,"Non-hazardous","Zone "&MIN($L10,$M10)),"—")) | O10: =IF($C10="","",IFERROR(IF($N10="Zone 20","Da",IF($N10="Zone 21","Db",IF($N10="Zone 22","Dc","None required"))),"—")) | P10: =IF($C10="","",IFERROR(2/3*$I10,"—")) | Q10: =IF($C10="","",IFERROR(IF(N($F10)<=5,$J10-75,IF($F10<=50,"Reduce — see IEC 60079-14 graph","Lab test required")),"—")) | R10: =IF($C10="","",IFERROR(IF(ISNUMBER($Q10),MIN($P10,$Q10),$P10),"—")) | S10: =IF($C10="","",TRIM(IF(N($F10)>5,"Layer >5 mm: cloud limit shown only — layer limit must be reduced. ","")&IF($H10="IIIC","Conductive dust (IIIC): check equipment group IIIC. ","")&IF(IF(ISNUMBER($K10),$K10<10,FALSE()),"Low MIE (<10 mJ): sensitive to electrostatic ignition. ","")&IF($E10="Poor","Poor housekeeping drives Zone 21 — improving cleaning lowers the zone. ","")))
H11: =IF($C11="","",IFERROR(INDEX(Dusts!$B$2:$B$40,MATCH($C11,Dusts!$A$2:$A$40,0)),"—")) | I11: =IF($C11="","",IFERROR(INDEX(Dusts!$C$2:$C$40,MATCH($C11,Dusts!$A$2:$A$40,0)),"—")) | J11: =IF($C11="","",IFERROR(INDEX(Dusts!$D$2:$D$40,MATCH($C11,Dusts!$A$2:$A$40,0)),"—")) | K11: =IF($C11="","",IFERROR(INDEX(Dusts!$E$2:$E$40,MATCH($C11,Dusts!$A$2:$A$40,0)),"—")) | L11: =IF($C11="","",IFERROR(IF($D11="Continuous",20,IF($D11="Primary",21,IF($D11="Secondary",22,99))),"—")) | M11: =IF($C11="","",IFERROR(IF($E11="Poor",21,IF($E11="Fair",22,99)),"—")) | N11: =IF($C11="","",IFERROR(IF(MIN($L11,$M11)=99,"Non-hazardous","Zone "&MIN($L11,$M11)),"—")) | O11: =IF($C11="","",IFERROR(IF($N11="Zone 20","Da",IF($N11="Zone 21","Db",IF($N11="Zone 22","Dc","None required"))),"—")) | P11: =IF($C11="","",IFERROR(2/3*$I11,"—")) | Q11: =IF($C11="","",IFERROR(IF(N($F11)<=5,$J11-75,IF($F11<=50,"Reduce — see IEC 60079-14 graph","Lab test required")),"—")) | R11: =IF($C11="","",IFERROR(IF(ISNUMBER($Q11),MIN($P11,$Q11),$P11),"—")) | S11: =IF($C11="","",TRIM(IF(N($F11)>5,"Layer >5 mm: cloud limit shown only — layer limit must be reduced. ","")&IF($H11="IIIC","Conductive dust (IIIC): check equipment group IIIC. ","")&IF(IF(ISNUMBER($K11),$K11<10,FALSE()),"Low MIE (<10 mJ): sensitive to electrostatic ignition. ","")&IF($E11="Poor","Poor housekeeping drives Zone 21 — improving cleaning lowers the zone. ","")))
H12: =IF($C12="","",IFERROR(INDEX(Dusts!$B$2:$B$40,MATCH($C12,Dusts!$A$2:$A$40,0)),"—")) | I12: =IF($C12="","",IFERROR(INDEX(Dusts!$C$2:$C$40,MATCH($C12,Dusts!$A$2:$A$40,0)),"—")) | J12: =IF($C12="","",IFERROR(INDEX(Dusts!$D$2:$D$40,MATCH($C12,Dusts!$A$2:$A$40,0)),"—")) | K12: =IF($C12="","",IFERROR(INDEX(Dusts!$E$2:$E$40,MATCH($C12,Dusts!$A$2:$A$40,0)),"—")) | L12: =IF($C12="","",IFERROR(IF($D12="Continuous",20,IF($D12="Primary",21,IF($D12="Secondary",22,99))),"—")) | M12: =IF($C12="","",IFERROR(IF($E12="Poor",21,IF($E12="Fair",22,99)),"—")) | N12: =IF($C12="","",IFERROR(IF(MIN($L12,$M12)=99,"Non-hazardous","Zone "&MIN($L12,$M12)),"—")) | O12: =IF($C12="","",IFERROR(IF($N12="Zone 20","Da",IF($N12="Zone 21","Db",IF($N12="Zone 22","Dc","None required"))),"—")) | P12: =IF($C12="","",IFERROR(2/3*$I12,"—")) | Q12: =IF($C12="","",IFERROR(IF(N($F12)<=5,$J12-75,IF($F12<=50,"Reduce — see IEC 60079-14 graph","Lab test required")),"—")) | R12: =IF($C12="","",IFERROR(IF(ISNUMBER($Q12),MIN($P12,$Q12),$P12),"—")) | S12: =IF($C12="","",TRIM(IF(N($F12)>5,"Layer >5 mm: cloud limit shown only — layer limit must be reduced. ","")&IF($H12="IIIC","Conductive dust (IIIC): check equipment group IIIC. ","")&IF(IF(ISNUMBER($K12),$K12<10,FALSE()),"Low MIE (<10 mJ): sensitive to electrostatic ignition. ","")&IF($E12="Poor","Poor housekeeping drives Zone 21 — improving cleaning lowers the zone. ","")))
H13: =IF($C13="","",IFERROR(INDEX(Dusts!$B$2:$B$40,MATCH($C13,Dusts!$A$2:$A$40,0)),"—")) | I13: =IF($C13="","",IFERROR(INDEX(Dusts!$C$2:$C$40,MATCH($C13,Dusts!$A$2:$A$40,0)),"—")) | J13: =IF($C13="","",IFERROR(INDEX(Dusts!$D$2:$D$40,MATCH($C13,Dusts!$A$2:$A$40,0)),"—")) | K13: =IF($C13="","",IFERROR(INDEX(Dusts!$E$2:$E$40,MATCH($C13,Dusts!$A$2:$A$40,0)),"—")) | L13: =IF($C13="","",IFERROR(IF($D13="Continuous",20,IF($D13="Primary",21,IF($D13="Secondary",22,99))),"—")) | M13: =IF($C13="","",IFERROR(IF($E13="Poor",21,IF($E13="Fair",22,99)),"—")) | N13: =IF($C13="","",IFERROR(IF(MIN($L13,$M13)=99,"Non-hazardous","Zone "&MIN($L13,$M13)),"—")) | O13: =IF($C13="","",IFERROR(IF($N13="Zone 20","Da",IF($N13="Zone 21","Db",IF($N13="Zone 22","Dc","None required"))),"—")) | P13: =IF($C13="","",IFERROR(2/3*$I13,"—")) | Q13: =IF($C13="","",IFERROR(IF(N($F13)<=5,$J13-75,IF($F13<=50,"Reduce — see IEC 60079-14 graph","Lab test required")),"—")) | R13: =IF($C13="","",IFERROR(IF(ISNUMBER($Q13),MIN($P13,$Q13),$P13),"—")) | S13: =IF($C13="","",TRIM(IF(N($F13)>5,"Layer >5 mm: cloud limit shown only — layer limit must be reduced. ","")&IF($H13="IIIC","Conductive dust (IIIC): check equipment group IIIC. ","")&IF(IF(ISNUMBER($K13),$K13<10,FALSE()),"Low MIE (<10 mJ): sensitive to electrostatic ignition. ","")&IF($E13="Poor","Poor housekeeping drives Zone 21 — improving cleaning lowers the zone. ","")))
H14: =IF($C14="","",IFERROR(INDEX(Dusts!$B$2:$B$40,MATCH($C14,Dusts!$A$2:$A$40,0)),"—")) | I14: =IF($C14="","",IFERROR(INDEX(Dusts!$C$2:$C$40,MATCH($C14,Dusts!$A$2:$A$40,0)),"—")) | J14: =IF($C14="","",IFERROR(INDEX(Dusts!$D$2:$D$40,MATCH($C14,Dusts!$A$2:$A$40,0)),"—")) | K14: =IF($C14="","",IFERROR(INDEX(Dusts!$E$2:$E$40,MATCH($C14,Dusts!$A$2:$A$40,0)),"—")) | L14: =IF($C14="","",IFERROR(IF($D14="Continuous",20,IF($D14="Primary",21,IF($D14="Secondary",22,99))),"—")) | M14: =IF($C14="","",IFERROR(IF($E14="Poor",21,IF($E14="Fair",22,99)),"—")) | N14: =IF($C14="","",IFERROR(IF(MIN($L14,$M14)=99,"Non-hazardous","Zone "&MIN($L14,$M14)),"—")) | O14: =IF($C14="","",IFERROR(IF($N14="Zone 20","Da",IF($N14="Zone 21","Db",IF($N14="Zone 22","Dc","None required"))),"—")) | P14: =IF($C14="","",IFERROR(2/3*$I14,"—")) | Q14: =IF($C14="","",IFERROR(IF(N($F14)<=5,$J14-75,IF($F14<=50,"Reduce — see IEC 60079-14 graph","Lab test required")),"—")) | R14: =IF($C14="","",IFERROR(IF(ISNUMBER($Q14),MIN($P14,$Q14),$P14),"—")) | S14: =IF($C14="","",TRIM(IF(N($F14)>5,"Layer >5 mm: cloud limit shown only — layer limit must be reduced. ","")&IF($H14="IIIC","Conductive dust (IIIC): check equipment group IIIC. ","")&IF(IF(ISNUMBER($K14),$K14<10,FALSE()),"Low MIE (<10 mJ): sensitive to electrostatic ignition. ","")&IF($E14="Poor","Poor housekeeping drives Zone 21 — improving cleaning lowers the zone. ","")))
H15: =IF($C15="","",IFERROR(INDEX(Dusts!$B$2:$B$40,MATCH($C15,Dusts!$A$2:$A$40,0)),"—")) | I15: =IF($C15="","",IFERROR(INDEX(Dusts!$C$2:$C$40,MATCH($C15,Dusts!$A$2:$A$40,0)),"—")) | J15: =IF($C15="","",IFERROR(INDEX(Dusts!$D$2:$D$40,MATCH($C15,Dusts!$A$2:$A$40,0)),"—")) | K15: =IF($C15="","",IFERROR(INDEX(Dusts!$E$2:$E$40,MATCH($C15,Dusts!$A$2:$A$40,0)),"—")) | L15: =IF($C15="","",IFERROR(IF($D15="Continuous",20,IF($D15="Primary",21,IF($D15="Secondary",22,99))),"—")) | M15: =IF($C15="","",IFERROR(IF($E15="Poor",21,IF($E15="Fair",22,99)),"—")) | N15: =IF($C15="","",IFERROR(IF(MIN($L15,$M15)=99,"Non-hazardous","Zone "&MIN($L15,$M15)),"—")) | O15: =IF($C15="","",IFERROR(IF($N15="Zone 20","Da",IF($N15="Zone 21","Db",IF($N15="Zone 22","Dc","None required"))),"—")) | P15: =IF($C15="","",IFERROR(2/3*$I15,"—")) | Q15: =IF($C15="","",IFERROR(IF(N($F15)<=5,$J15-75,IF($F15<=50,"Reduce — see IEC 60079-14 graph","Lab test required")),"—")) | R15: =IF($C15="","",IFERROR(IF(ISNUMBER($Q15),MIN($P15,$Q15),$P15),"—")) | S15: =IF($C15="","",TRIM(IF(N($F15)>5,"Layer >5 mm: cloud limit shown only — layer limit must be reduced. ","")&IF($H15="IIIC","Conductive dust (IIIC): check equipment group IIIC. ","")&IF(IF(ISNUMBER($K15),$K15<10,FALSE()),"Low MIE (<10 mJ): sensitive to electrostatic ignition. ","")&IF($E15="Poor","Poor housekeeping drives Zone 21 — improving cleaning lowers the zone. ","")))
H16: =IF($C16="","",IFERROR(INDEX(Dusts!$B$2:$B$40,MATCH($C16,Dusts!$A$2:$A$40,0)),"—")) | I16: =IF($C16="","",IFERROR(INDEX(Dusts!$C$2:$C$40,MATCH($C16,Dusts!$A$2:$A$40,0)),"—")) | J16: =IF($C16="","",IFERROR(INDEX(Dusts!$D$2:$D$40,MATCH($C16,Dusts!$A$2:$A$40,0)),"—")) | K16: =IF($C16="","",IFERROR(INDEX(Dusts!$E$2:$E$40,MATCH($C16,Dusts!$A$2:$A$40,0)),"—")) | L16: =IF($C16="","",IFERROR(IF($D16="Continuous",20,IF($D16="Primary",21,IF($D16="Secondary",22,99))),"—")) | M16: =IF($C16="","",IFERROR(IF($E16="Poor",21,IF($E16="Fair",22,99)),"—")) | N16: =IF($C16="","",IFERROR(IF(MIN($L16,$M16)=99,"Non-hazardous","Zone "&MIN($L16,$M16)),"—")) | O16: =IF($C16="","",IFERROR(IF($N16="Zone 20","Da",IF($N16="Zone 21","Db",IF($N16="Zone 22","Dc","None required"))),"—")) | P16: =IF($C16="","",IFERROR(2/3*$I16,"—")) | Q16: =IF($C16="","",IFERROR(IF(N($F16)<=5,$J16-75,IF($F16<=50,"Reduce — see IEC 60079-14 graph","Lab test required")),"—")) | R16: =IF($C16="","",IFERROR(IF(ISNUMBER($Q16),MIN($P16,$Q16),$P16),"—")) | S16: =IF($C16="","",TRIM(IF(N($F16)>5,"Layer >5 mm: cloud limit shown only — layer limit must be reduced. ","")&IF($H16="IIIC","Conductive dust (IIIC): check equipment group IIIC. ","")&IF(IF(ISNUMBER($K16),$K16<10,FALSE()),"Low MIE (<10 mJ): sensitive to electrostatic ignition. ","")&IF($E16="Poor","Poor housekeeping drives Zone 21 — improving cleaning lowers the zone. ","")))
H17: =IF($C17="","",IFERROR(INDEX(Dusts!$B$2:$B$40,MATCH($C17,Dusts!$A$2:$A$40,0)),"—")) | I17: =IF($C17="","",IFERROR(INDEX(Dusts!$C$2:$C$40,MATCH($C17,Dusts!$A$2:$A$40,0)),"—")) | J17: =IF($C17="","",IFERROR(INDEX(Dusts!$D$2:$D$40,MATCH($C17,Dusts!$A$2:$A$40,0)),"—")) | K17: =IF($C17="","",IFERROR(INDEX(Dusts!$E$2:$E$40,MATCH($C17,Dusts!$A$2:$A$40,0)),"—")) | L17: =IF($C17="","",IFERROR(IF($D17="Continuous",20,IF($D17="Primary",21,IF($D17="Secondary",22,99))),"—")) | M17: =IF($C17="","",IFERROR(IF($E17="Poor",21,IF($E17="Fair",22,99)),"—")) | N17: =IF($C17="","",IFERROR(IF(MIN($L17,$M17)=99,"Non-hazardous","Zone "&MIN($L17,$M17)),"—")) | O17: =IF($C17="","",IFERROR(IF($N17="Zone 20","Da",IF($N17="Zone 21","Db",IF($N17="Zone 22","Dc","None required"))),"—")) | P17: =IF($C17="","",IFERROR(2/3*$I17,"—")) | Q17: =IF($C17="","",IFERROR(IF(N($F17)<=5,$J17-75,IF($F17<=50,"Reduce — see IEC 60079-14 graph","Lab test required")),"—")) | R17: =IF($C17="","",IFERROR(IF(ISNUMBER($Q17),MIN($P17,$Q17),$P17),"—")) | S17: =IF($C17="","",TRIM(IF(N($F17)>5,"Layer >5 mm: cloud limit shown only — layer limit must be reduced. ","")&IF($H17="IIIC","Conductive dust (IIIC): check equipment group IIIC. ","")&IF(IF(ISNUMBER($K17),$K17<10,FALSE()),"Low MIE (<10 mJ): sensitive to electrostatic ignition. ","")&IF($E17="Poor","Poor housekeeping drives Zone 21 — improving cleaning lowers the zone. ","")))
H18: =IF($C18="","",IFERROR(INDEX(Dusts!$B$2:$B$40,MATCH($C18,Dusts!$A$2:$A$40,0)),"—")) | I18: =IF($C18="","",IFERROR(INDEX(Dusts!$C$2:$C$40,MATCH($C18,Dusts!$A$2:$A$40,0)),"—")) | J18: =IF($C18="","",IFERROR(INDEX(Dusts!$D$2:$D$40,MATCH($C18,Dusts!$A$2:$A$40,0)),"—")) | K18: =IF($C18="","",IFERROR(INDEX(Dusts!$E$2:$E$40,MATCH($C18,Dusts!$A$2:$A$40,0)),"—")) | L18: =IF($C18="","",IFERROR(IF($D18="Continuous",20,IF($D18="Primary",21,IF($D18="Secondary",22,99))),"—")) | M18: =IF($C18="","",IFERROR(IF($E18="Poor",21,IF($E18="Fair",22,99)),"—")) | N18: =IF($C18="","",IFERROR(IF(MIN($L18,$M18)=99,"Non-hazardous","Zone "&MIN($L18,$M18)),"—")) | O18: =IF($C18="","",IFERROR(IF($N18="Zone 20","Da",IF($N18="Zone 21","Db",IF($N18="Zone 22","Dc","None required"))),"—")) | P18: =IF($C18="","",IFERROR(2/3*$I18,"—")) | Q18: =IF($C18="","",IFERROR(IF(N($F18)<=5,$J18-75,IF($F18<=50,"Reduce — see IEC 60079-14 graph","Lab test required")),"—")) | R18: =IF($C18="","",IFERROR(IF(ISNUMBER($Q18),MIN($P18,$Q18),$P18),"—")) | S18: =IF($C18="","",TRIM(IF(N($F18)>5,"Layer >5 mm: cloud limit shown only — layer limit must be reduced. ","")&IF($H18="IIIC","Conductive dust (IIIC): check equipment group IIIC. ","")&IF(IF(ISNUMBER($K18),$K18<10,FALSE()),"Low MIE (<10 mJ): sensitive to electrostatic ignition. ","")&IF($E18="Poor","Poor housekeeping drives Zone 21 — improving cleaning lowers the zone. ","")))
... H45: =IF($C45="","",IFERROR(INDEX(Dusts!$B$2:$B$40,MATCH($C45,Dusts!$A$2:$A$40,0)),"—")) | I45: =IF($C45="","",IFERROR(INDEX(Dusts!$C$2:$C$40,MATCH($C45,Dusts!$A$2:$A$40,0)),"—")) | J45: =IF($C45="","",IFERROR(INDEX(Dusts!$D$2:$D$40,MATCH($C45,Dusts!$A$2:$A$40,0)),"—")) | K45: =IF($C45="","",IFERROR(INDEX(Dusts!$E$2:$E$40,MATCH($C45,Dusts!$A$2:$A$40,0)),"—")) | L45: =IF($C45="","",IFERROR(IF($D45="Continuous",20,IF($D45="Primary",21,IF($D45="Secondary",22,99))),"—")) | M45: =IF($C45="","",IFERROR(IF($E45="Poor",21,IF($E45="Fair",22,99)),"—")) | N45: =IF($C45="","",IFERROR(IF(MIN($L45,$M45)=99,"Non-hazardous","Zone "&MIN($L45,$M45)),"—")) | O45: =IF($C45="","",IFERROR(IF($N45="Zone 20","Da",IF($N45="Zone 21","Db",IF($N45="Zone 22","Dc","None required"))),"—")) | P45: =IF($C45="","",IFERROR(2/3*$I45,"—")) | Q45: =IF($C45="","",IFERROR(IF(N($F45)<=5,$J45-75,IF($F45<=50,"Reduce — see IEC 60079-14 graph","Lab test required")),"—")) | R45: =IF($C45="","",IFERROR(IF(ISNUMBER($Q45),MIN($P45,$Q45),$P45),"—")) | S45: =IF($C45="","",TRIM(IF(N($F45)>5,"Layer >5 mm: cloud limit shown only — layer limit must be reduced. ","")&IF($H45="IIIC","Conductive dust (IIIC): check equipment group IIIC. ","")&IF(IF(ISNUMBER($K45),$K45<10,FALSE()),"Low MIE (<10 mJ): sensitive to electrostatic ignition. ","")&IF($E45="Poor","Poor housekeeping drives Zone 21 — improving cleaning lowers the zone. ","")))

Sheet Substances
A1: Substance | B1: Phase | C1: Molar mass M (kg/kmol) | D1: LFL (vol%) | E1: UFL (vol%) | F1: Polytropic index γ | G1: Liquid density (kg/m³) | H1: Boiling point (°C) | I1: Flash point (°C) | J1: Auto-ignition temp (°C) | K1: Gas group | L1: Antoine A | M1: Antoine B | N1: Antoine C | O1: Notes | Q1: How to use
A2: Methane | B2: Gas | C2: 16.04 | D2: 4.4 | E2: 17 | F2: 1.31 | H2: -161.5 | J2: 600 | K2: IIA | O2: Indicative: check against the SDS or IEC 60079-20-1 | Q2: Add new materials in the empty rows (up to row 60); they appear automatically in the Gas-Vapour and Quick Zone dropdowns. γ is needed for gas jets; liquid density for liquid jets; boiling point for pool/flash checks. Antoine constants are log10(P/mmHg) = A − B/(C + T/°C), from standard tables (Lange's Handbook); if blank, vapour pressure is estimated from the boiling point using Trouton's rule, or enter it directly on the calculator. Where sources disagree, the lower AIT / higher gas group has been used.
A3: Propane | B3: Gas | C3: 44.1 | D3: 1.7 | E3: 10.9 | F3: 1.13 | G3: 493 | H3: -42.1 | J3: 450 | K3: IIA | O3: Indicative: check against the SDS or IEC 60079-20-1
A4: n-Butane | B4: Gas | C4: 58.12 | D4: 1.4 | E4: 9.3 | F4: 1.1 | G4: 579 | H4: -0.5 | J4: 372 | K4: IIA | O4: Indicative: check against the SDS or IEC 60079-20-1
A5: Hydrogen | B5: Gas | C5: 2.016 | D5: 4 | E5: 77 | F5: 1.41 | H5: -252.9 | J5: 560 | K5: IIC | O5: Indicative: check against the SDS or IEC 60079-20-1
A6: Ethylene | B6: Gas | C6: 28.05 | D6: 2.3 | E6: 36 | F6: 1.24 | H6: -103.7 | J6: 440 | K6: IIB | O6: Indicative: check against the SDS or IEC 60079-20-1
A7: Acetylene | B7: Gas | C7: 26.04 | D7: 2.3 | E7: 100 | F7: 1.23 | H7: -84 | J7: 305 | K7: IIC | O7: Indicative: check against the SDS or IEC 60079-20-1
A8: Ammonia | B8: Gas | C8: 17.03 | D8: 15 | E8: 33.6 | F8: 1.31 | H8: -33.3 | J8: 630 | K8: IIA | O8: Indicative: check against the SDS or IEC 60079-20-1
A9: Hydrogen sulphide | B9: Gas | C9: 34.08 | D9: 4 | E9: 45.5 | F9: 1.32 | H9: -60.3 | J9: 260 | K9: IIB | O9: Indicative: check against the SDS or IEC 60079-20-1
A10: Methanol | B10: Liquid | C10: 32.04 | D10: 6 | E10: 36 | G10: 791 | H10: 64.7 | I10: 11 | J10: 440 | K10: IIA | L10: 8.08097 | M10: 1582.271 | N10: 239.726 | O10: Indicative: check against the SDS or IEC 60079-20-1
A11: Ethanol | B11: Liquid | C11: 46.07 | D11: 3.1 | E11: 19 | G11: 789 | H11: 78.4 | I11: 13 | J11: 363 | K11: IIB | L11: 8.20417 | M11: 1642.89 | N11: 230.3 | O11: Indicative: check against the SDS or IEC 60079-20-1
A12: Isopropanol (IPA) | B12: Liquid | C12: 60.1 | D12: 2 | E12: 12.7 | G12: 786 | H12: 82.3 | I12: 12 | J12: 399 | K12: IIA | L12: 8.11778 | M12: 1580.92 | N12: 219.61 | O12: Indicative: check against the SDS or IEC 60079-20-1
A13: Acetone | B13: Liquid | C13: 58.08 | D13: 2.5 | E13: 13 | G13: 784 | H13: 56.1 | I13: -18 | J13: 465 | K13: IIA | L13: 7.11714 | M13: 1210.595 | N13: 229.664 | O13: Indicative: check against the SDS or IEC 60079-20-1
A14: Ethyl acetate | B14: Liquid | C14: 88.11 | D14: 2 | E14: 11.5 | G14: 902 | H14: 77.1 | I14: -4 | J14: 426 | K14: IIA | L14: 7.10179 | M14: 1244.95 | N14: 217.88 | O14: Indicative: check against the SDS or IEC 60079-20-1
A15: Toluene | B15: Liquid | C15: 92.14 | D15: 1 | E15: 7.1 | G15: 867 | H15: 110.6 | I15: 4 | J15: 480 | K15: IIA | L15: 6.95464 | M15: 1344.8 | N15: 219.482 | O15: Indicative: check against the SDS or IEC 60079-20-1
A16: Xylene (mixed) | B16: Liquid | C16: 106.17 | D16: 1 | E16: 7 | G16: 864 | H16: 138 | I16: 25 | J16: 464 | K16: IIA | L16: 6.99052 | M16: 1453.43 | N16: 215.31 | O16: Indicative: check against the SDS or IEC 60079-20-1
A17: n-Hexane | B17: Liquid | C17: 86.18 | D17: 1 | E17: 7.5 | G17: 659 | H17: 68.7 | I17: -22 | J17: 225 | K17: IIA | L17: 6.87601 | M17: 1171.17 | N17: 224.41 | O17: Indicative: check against the SDS or IEC 60079-20-1
A18: n-Heptane | B18: Liquid | C18: 100.2 | D18: 1.1 | E18: 6.7 | G18: 684 | H18: 98.4 | I18: -4 | J18: 204 | K18: IIA | L18: 6.89385 | M18: 1264.37 | N18: 216.636 | O18: Indicative: check against the SDS or IEC 60079-20-1
A19: Diethyl ether | B19: Liquid | C19: 74.12 | D19: 1.7 | E19: 36 | G19: 713 | H19: 34.6 | I19: -45 | J19: 160 | K19: IIB | L19: 6.92032 | M19: 1064.07 | N19: 228.8 | O19: Indicative: check against the SDS or IEC 60079-20-1
A20: White spirit | B20: Liquid | C20: 140 | D20: 0.6 | E20: 6.5 | G20: 785 | H20: 150 | I20: 38 | J20: 240 | K20: IIA | L20: 6.93893 | M20: 1431.82 | N20: 202.01 | O20: Mixture (BS 245 regular grade). n-Nonane Antoine as a surrogate. Check the SDS for your grade.

Sheet Dusts
A1: Dust | B1: Dust group | C1: MIT cloud (°C) | D1: MIT 5 mm layer (°C) | E1: MIE (mJ) | F1: Kst (bar·m/s) | G1: Notes | I1: Use laboratory data (e.g. from the dust's test report or GESTIS-DUST-EX). Group: IIIA combustible flyings, IIIB non-conductive dust, IIIC conductive dust.
A2: EXAMPLE organic dust | B2: IIIB | C2: 430 | D2: 300 | E2: 30 | F2: 150 | G2: Placeholder values: replace with test data for your material

Sheet Tables
A1: Constants and lookup tables
A2: Edit with care: every sheet reads from here.
A3: Constant | B3: Value | C3: Basis
A4: Atmospheric pressure pa (Pa) | B4: 101325 | C4: IEC 60079-10-1 reference conditions
A5: Universal gas constant R (J/kmol·K) | B5: 8314
A6: Initial concentration X0 for persistence time (vol%) | B6: 100 | C6: IEC 60079-10-1:2008 Annex B (pure release)
A7: Vz threshold for HIGH degree of ventilation (m³) | B7: 0.1 | C7: Vz below this is treated as negligible (2008 Annex B)
A8: Outdoor air change rate C (s⁻¹) | B8: 0.03 | C8: 2008 Annex B: outdoor, ~0.5 m/s wind through a notional 15 m cube
A9: Reference temperature (K) | B9: 293 | C9: Used in (dV/dt)min temperature correction
A10: LELm conversion factor (kg/m³ per kg/kmol per vol%) | B10: 0.000416 | C10: LELm = 0.416×10⁻³ × M × LEL(vol%)
A11: Outdoor calm-wind factor (fraction of normal C) | B11: 0.5 | C11: Quick Zone outer zone sizing outdoors: C2 = 0.03 × factor (assessor assumption)
A12: Room height for the Quick Zone plan view (m) | B12: 3 | C12: Plan view only: a whole-room zone is drawn as a disc the size of the room floor
A13: Safety factor k on LEL
A14: Grade | B14: k
A15: Continuous | B15: 0.25 | C15: IEC 60079-10-1:2008: k = 0.25 continuous/primary, 0.5 secondary
A16: Primary | B16: 0.25
A17: Secondary | B17: 0.5
A20: Zone from grade of release, degree and availability of ventilation (IEC 60079-10-1 Table B.1 / D.1)
A21: Grade \ Degree-Availability | B21: High-Good | C21: High-Fair | D21: High-Poor | E21: Medium-Good | F21: Medium-Fair | G21: Medium-Poor | H21: Low-Good | I21: Low-Fair | J21: Low-Poor
A22: Continuous | B22: Non-hazardous (Zone 0 NE) | C22: Zone 2 (Zone 0 NE) | D22: Zone 1 (Zone 0 NE) | E22: Zone 0 | F22: Zone 0 + Zone 2 | G22: Zone 0 + Zone 1 | H22: Zone 0 | I22: Zone 0 | J22: Zone 0
A23: Primary | B23: Non-hazardous (Zone 1 NE) | C23: Zone 2 (Zone 1 NE) | D23: Zone 2 (Zone 1 NE) | E23: Zone 1 | F23: Zone 1 + Zone 2 | G23: Zone 1 + Zone 2 | H23: Zone 1 or Zone 0 | I23: Zone 1 or Zone 0 | J23: Zone 1 or Zone 0
A24: Secondary | B24: Non-hazardous (Zone 2 NE) | C24: Non-hazardous (Zone 2 NE) | D24: Zone 2 | E24: Zone 2 | F24: Zone 2 | G24: Zone 2 | H24: Zone 1 and even Zone 0 | I24: Zone 1 and even Zone 0 | J24: Zone 1 and even Zone 0
A26: Notes: 'NE' = zone of negligible extent. 'Zone 1 or Zone 0' (low dilution, primary) is Zone 0 if ventilation is so weak that the release is effectively continuous. Low-dilution secondary: Zone 1 and possibly Zone 0, by assessor judgement.
A29: Temperature class from auto-ignition temperature
A30: AIT above (°C) | B30: T-class | C30: Max surface temp (°C)
A31: 0 | B31: T6 or lower: check | C31: 85
A32: 85 | B32: T6 | C32: 85
A33: 100 | B33: T5 | C33: 100
A34: 135 | B34: T4 | C34: 135
A35: 200 | B35: T3 | C35: 200
A36: 300 | B36: T2 | C36: 300
A37: 450 | B37: T1 | C37: 450
A39: Equipment T-class maximum surface temperature must be below the AIT (IEC 60079-14).
A41: Quick Zone activities and their sources of release
A42: Activity | B42: Continuous source (Zone 0) | C42: Primary source (Zone 1) | D42: Secondary source (Zone 2)
A43: Closed containers / sealed system | B43: Vapour space inside the containers | C43: None: no release in normal operation | D43: Leak or spill of the full amount
A44: Decanting / filling / sampling | B44: Vapour space inside the receiving container | C44: Vapour pushed out of the container mouth while filling | D44: Spill of the full amount
A45: Open vessel / continuous emission | B45: Evaporation from the open liquid surface | C45: Vapour pushed out while charging the vessel | D45: Spill or overflow of the full amount
A46: Open tin or tray | B46: Evaporation from the open liquid surface | C46: None: no other release in normal operation | D46: Spill of the full amount
A47: Wiping with solvent rags | B47: Vapour space inside the solvent container | C47: Evaporation from the wet rag and the wiped surface | D47: Spill of the full amount
A49: Gases use the leak through the hole area for every source. There is no Zone 0 inside a gas system because it holds no air. Liquids handled below their flash point have no Zone 0 inside.

Sheet Quick Zone Calc
B1: Quick Zone Calc
B2: The workings behind the Quick Zone sheet, source by source. Nothing here is an input: change values on Quick Zone or Tables.
B4: 1. Substance and conditions
B5: Phase | C5: =IF(QZ_Substance="","",IFERROR(IF(INDEX(Substances!$B$2:$B$60,MATCH(QZ_Substance,Substances!$A$2:$A$60,0))="","",INDEX(Substances!$B$2:$B$60,MATCH(QZ_Substance,Substances!$A$2:$A$60,0))),"–")) -> Liquid | D5: From the Substances sheet
B6: Gas? | C6: =IF(QZ_Substance="","",IFERROR(QZ_Phase="Gas","–")) -> FALSE
B7: Molar mass M | C7: =IF(QZ_Substance="","",IFERROR(IF(INDEX(Substances!$C$2:$C$60,MATCH(QZ_Substance,Substances!$A$2:$A$60,0))="","",INDEX(Substances!$C$2:$C$60,MATCH(QZ_Substance,Substances!$A$2:$A$60,0))),"–")) -> 92.14 | D7: kg/kmol
B8: LFL | C8: =IF(QZ_Substance="","",IFERROR(IF(INDEX(Substances!$D$2:$D$60,MATCH(QZ_Substance,Substances!$A$2:$A$60,0))="","",INDEX(Substances!$D$2:$D$60,MATCH(QZ_Substance,Substances!$A$2:$A$60,0))),"–")) -> 1 | D8: vol%
B9: Polytropic index γ | C9: =IF(QZ_Substance="","",IFERROR(IF(INDEX(Substances!$F$2:$F$60,MATCH(QZ_Substance,Substances!$A$2:$A$60,0))="","",INDEX(Substances!$F$2:$F$60,MATCH(QZ_Substance,Substances!$A$2:$A$60,0))),"–")) | D9: Gases only
B10: Liquid density | C10: =IF(QZ_Substance="","",IFERROR(IF(INDEX(Substances!$G$2:$G$60,MATCH(QZ_Substance,Substances!$A$2:$A$60,0))="","",INDEX(Substances!$G$2:$G$60,MATCH(QZ_Substance,Substances!$A$2:$A$60,0))),"–")) -> 867 | D10: kg/m³
B11: Boiling point | C11: =IF(QZ_Substance="","",IFERROR(IF(INDEX(Substances!$H$2:$H$60,MATCH(QZ_Substance,Substances!$A$2:$A$60,0))="","",INDEX(Substances!$H$2:$H$60,MATCH(QZ_Substance,Substances!$A$2:$A$60,0))),"–")) -> 110.6 | D11: °C
B12: Flash point | C12: =IF(QZ_Substance="","",IFERROR(IF(INDEX(Substances!$I$2:$I$60,MATCH(QZ_Substance,Substances!$A$2:$A$60,0))="","",INDEX(Substances!$I$2:$I$60,MATCH(QZ_Substance,Substances!$A$2:$A$60,0))),"–")) -> 4 | D12: °C
B13: Auto-ignition temperature | C13: =IF(QZ_Substance="","",IFERROR(IF(INDEX(Substances!$J$2:$J$60,MATCH(QZ_Substance,Substances!$A$2:$A$60,0))="","",INDEX(Substances!$J$2:$J$60,MATCH(QZ_Substance,Substances!$A$2:$A$60,0))),"–")) -> 480 | D13: °C
B14: Gas group | C14: =IF(QZ_Substance="","",IFERROR(IF(INDEX(Substances!$K$2:$K$60,MATCH(QZ_Substance,Substances!$A$2:$A$60,0))="","",INDEX(Substances!$K$2:$K$60,MATCH(QZ_Substance,Substances!$A$2:$A$60,0))),"–")) -> IIA
B15: Antoine A | C15: =IF(QZ_Substance="","",IFERROR(IF(INDEX(Substances!$L$2:$L$60,MATCH(QZ_Substance,Substances!$A$2:$A$60,0))="","",INDEX(Substances!$L$2:$L$60,MATCH(QZ_Substance,Substances!$A$2:$A$60,0))),"–")) -> 6.95464 | D15: log10(P/mmHg) = A − B/(C + T)
B16: Antoine B | C16: =IF(QZ_Substance="","",IFERROR(IF(INDEX(Substances!$M$2:$M$60,MATCH(QZ_Substance,Substances!$A$2:$A$60,0))="","",INDEX(Substances!$M$2:$M$60,MATCH(QZ_Substance,Substances!$A$2:$A$60,0))),"–")) -> 1344.8
B17: Antoine C | C17: =IF(QZ_Substance="","",IFERROR(IF(INDEX(Substances!$N$2:$N$60,MATCH(QZ_Substance,Substances!$A$2:$A$60,0))="","",INDEX(Substances!$N$2:$N$60,MATCH(QZ_Substance,Substances!$A$2:$A$60,0))),"–")) -> 219.482
B18: Temperature T | C18: =IF(QZ_Substance="","",IFERROR(QZ_Temp+273.15,"–")) -> 293.15 | D18: K
B19: Vapour pressure pv | C19: =IF(QZ_Substance="","",IFERROR(IF(QZ_IsGas,"n/a",MIN(101.325,IF(N(QZ_AntA)<>0,0.133322*10^(QZ_AntA-QZ_AntB/(QZ_AntC+QZ_Temp)),101.325*EXP(10.58*(1-(QZ_BP+273.15)/QZ_TK))))),"–")) -> 2.9113101 | D19: kPa. Antoine, else Trouton from the boiling point
B20: Saturated vapour concentration | C20: =IF(QZ_Substance="","",IFERROR(IF(QZ_IsGas,"n/a",QZ_Pv*1000/Tables!$B$4*100),"–")) -> 2.8732397 | D20: vol%. Above the LFL means flammable headspace
B21: Saturated vapour density | C21: =IF(QZ_Substance="","",IFERROR(IF(QZ_IsGas,"n/a",QZ_Pv*1000*QZ_M/(Tables!$B$5*QZ_TK)),"–")) -> 0.11006184 | D21: kg/m³ of vapour in the headspace
B22: LELm | C22: =IF(QZ_Substance="","",IFERROR(Tables!$B$10*QZ_M*QZ_LFL,"–")) -> 0.03833024 | D22: kg/m³
B23: Relative vapour density | C23: =IF(QZ_Substance="","",IFERROR(QZ_M/28.96,"–")) -> 3.1816298 | D23: Air = 1
B24: Heavier than air? | C24: =IF(QZ_Substance="","",IFERROR(QZ_RelDens>1.2,"–")) -> TRUE | D24: Above 1.2
B25: Outdoors? | C25: =IF(QZ_Substance="","",IFERROR(QZ_Location="Outdoor","–")) -> FALSE
B26: Ventilation efficiency f | C26: =IF(QZ_Substance="","",IFERROR(IF(QZ_Outdoor,QZ_fOut,QZ_fIn),"–")) -> 2
B27: Air changes C, normal | C27: =IF(QZ_Substance="","",IFERROR(IF(QZ_Outdoor,Tables!$B$8,QZ_ACH/3600),"–")) -> 0.00083333333 | D27: s⁻¹
B28: Air changes C, ventilation failed | C28: =IF(QZ_Substance="","",IFERROR(IF(QZ_Outdoor,Tables!$B$8*Tables!$B$11,QZ_ACHFail/3600),"–")) -> 0.00013888889 | D28: s⁻¹. Outdoors: calm-wind factor on Tables
B29: Air speed over the liquid | C29: =IF(QZ_Substance="","",IFERROR(IF(QZ_Outdoor,QZ_UOut,QZ_UIn),"–")) -> 0.3 | D29: m/s
B30: Below flash point minus margin? | C30: =IF(QZ_Substance="","",IFERROR(IF(QZ_IsGas,FALSE,IF(ISNUMBER(QZ_FP),QZ_Temp<QZ_FP-QZ_FPMargin,FALSE)),"–")) -> FALSE | D30: If TRUE, no zone is normally needed
B31: At or above boiling point? | C31: =IF(QZ_Substance="","",IFERROR(IF(QZ_IsGas,FALSE,IF(ISNUMBER(QZ_BP),QZ_Temp>=QZ_BP,FALSE)),"–")) -> FALSE
B32: Zone 0 inside containers? | C32: =IF(QZ_Substance="","",IFERROR(AND(NOT(QZ_IsGas),NOT(QZ_BelowFP)),"–")) -> TRUE | D32: Liquid at or above its flash point less the margin
B33: Temperature class | C33: =IF(QZ_Substance="","",IFERROR(INDEX(Tables!$B$31:$B$37,MATCH(QZ_AIT-0.001,Tables!$A$31:$A$37,1)),"–")) -> T1 | D33: From the AIT
B34: Room-equivalent radius | C34: =IF(QZ_Substance="","",IFERROR(SQRT(QZ_RoomVol/Tables!$B$12/PI()),"–")) -> 3.2573501 | D34: m. Plan view of a whole-room zone
B36: 2. Release rates and the vapour each amount can give
B37: Gas pressure p | C37: =IF(QZ_Substance="","",IFERROR(IF(QZ_IsGas,QZ_Pressure*100000+Tables!$B$4,"n/a"),"–")) -> n/a | D37: Pa abs
B38: Critical pressure pc | C38: =IF(QZ_Substance="","",IFERROR(IF(QZ_IsGas,Tables!$B$4*((QZ_Gamma+1)/2)^(QZ_Gamma/(QZ_Gamma-1)),"n/a"),"–")) -> n/a | D38: Pa abs
B39: Gas leak through the hole | C39: =IF(QZ_Substance="","",IFERROR(IF(QZ_IsGas,IF(QZ_PAbs>QZ_Pc,QZ_Cd*QZ_HoleArea*0.000001*QZ_PAbs*SQRT(QZ_Gamma*QZ_M/(Tables!$B$5*QZ_TK)*(2/(QZ_Gamma+1))^((QZ_Gamma+1)/(QZ_Gamma-1))),QZ_Cd*QZ_HoleArea*0.000001*QZ_PAbs*SQRT(QZ_M/(Tables!$B$5*QZ_TK)*(2*QZ_Gamma/(QZ_Gamma-1))*(1-(Tables!$B$4/QZ_PAbs)^((QZ_Gamma-1)/QZ_Gamma))*(Tables!$B$4/QZ_PAbs)^(2/QZ_Gamma))),"n/a"),"–")) -> n/a | D39: kg/s. Choked if p > pc, else subsonic
B40: Evaporation per m² of liquid surface | C40: =IF(QZ_Substance="","",IFERROR(IF(QZ_IsGas,"n/a",6.55*QZ_U^0.78*QZ_Pv*QZ_M^0.667/(Tables!$B$5*QZ_TK)),"–")) -> 6.2498757e-05 | D40: kg/s per m². We = 6.55·u^0.78·A·pv·M^0.667/(R·T)
B41: Spill pool area | C41: =IF(QZ_Substance="","",IFERROR(IF(QZ_IsGas,"n/a",IF(N(QZ_BundArea)>0,MIN(QZ_BundArea,QZ_Amount/QZ_SpillDepth),QZ_Amount/QZ_SpillDepth)),"–")) -> 5 | D41: m². Amount ÷ spill depth, capped by any bund
B42: Vapour pushed out by filling | C42: =IF(QZ_Substance="","",IFERROR(IF(QZ_IsGas,"n/a",QZ_FillRate/60000*QZ_RhoSat),"–")) -> 3.6687279e-05 | D42: kg/s. Filling rate × saturated vapour density
B43: Release: spill or leak | C43: =IF(QZ_Substance="","",IFERROR(IF(QZ_IsGas,QZ_WHole,QZ_EvapFlux*QZ_SpillArea),"–")) -> 0.00031249379 | D43: kg/s
B44: Release: filling a container | C44: =IF(QZ_Substance="","",IFERROR(IF(QZ_IsGas,QZ_WHole,QZ_DispRate+QZ_EvapFlux*QZ_MouthArea),"–")) -> 3.7312266e-05 | D44: kg/s. Displacement + evaporation at the mouth
B45: Release: open liquid surface | C45: =IF(QZ_Substance="","",IFERROR(IF(QZ_IsGas,QZ_WHole,QZ_EvapFlux*QZ_VesselArea),"–")) -> 6.2498757e-06 | D45: kg/s
B46: Release: charging an open vessel | C46: =IF(QZ_Substance="","",IFERROR(IF(QZ_IsGas,QZ_WHole,QZ_DispRate+QZ_EvapFlux*QZ_VesselArea),"–")) -> 4.2937155e-05 | D46: kg/s. Displacement + evaporation at the surface
B47: Release: wet rag and wiped surface | C47: =IF(QZ_Substance="","",IFERROR(IF(QZ_IsGas,QZ_WHole,QZ_EvapFlux*QZ_WetArea),"–")) -> 1.2499751e-05 | D47: kg/s
B48: Vapour the whole amount can give | C48: =IF(QZ_Substance="","",IFERROR(IF(QZ_IsGas,QZ_Amount,QZ_Amount/1000*QZ_Rho),"–")) -> 21.675 | D48: kg. All of the amount evaporates or leaks
B49: Vapour from filling the amount | C49: =IF(QZ_Substance="","",IFERROR(IF(QZ_IsGas,QZ_Amount,IF(QZ_FillRate>0,QZ_Amount/1000*QZ_RhoSat+QZ_EvapFlux*QZ_MouthArea*IF(QZ_FillRate>0,QZ_Amount/QZ_FillRate*60,0),QZ_M_All)),"–")) -> 0.00279842 | D49: kg. Displaced vapour + mouth evaporation while filling
B50: Vapour from charging the vessel | C50: =IF(QZ_Substance="","",IFERROR(IF(QZ_IsGas,QZ_Amount,IF(QZ_FillRate>0,QZ_Amount/1000*QZ_RhoSat+QZ_EvapFlux*QZ_VesselArea*IF(QZ_FillRate>0,QZ_Amount/QZ_FillRate*60,0),QZ_M_All)),"–")) -> 0.0032202866 | D50: kg. Displaced vapour + surface evaporation while charging
B51: Time to evaporate the spill or empty the system | C51: =IF(QZ_Substance="","",IFERROR(IF(QZ_IsGas,QZ_Amount/QZ_WHole/60,QZ_Amount/1000*QZ_Rho/QZ_W_Spill/60),"–")) -> 1156.023 | D51: min
B53: 3. Sources of release, by activity
B54: Activity | C54: Grade | D54: Source of release | E54: Applies | F54: Sized by Vz | G54: Release dG/dt (kg/s) | H54: Most vapour the amount can give (kg) | I54: k | J54: (dV/dt)min (m³/s) | K54: Vz, steady (m³) | L54: Vz limit from the amount (m³) | M54: Vz used (m³) | N54: Limited by the amount? | O54: Degree of ventilation | P54: IEC Table D.1 result | Q54: Inner zone | R54: Inner zone NE? | S54: Inner radius (m) | T54: Outer zone | U54: Vz, ventilation failed, steady (m³) | V54: Vz, ventilation failed, used (m³) | W54: Outer limited by amount? | X54: Outer radius (m) | Y54: Persistence (min) | Z54: Low dilution? | AA54: To Zone 0 (m) | AB54: To Zone 1 (m) | AC54: To Zone 2 (m) | AD54: NE Zone 0 (m) | AE54: NE Zone 1 (m) | AF54: NE Zone 2 (m)
B55: =Tables!$A$43 -> Closed containers / sealed system | C55: Continuous | D55: =IF(QZ_Substance="","",IF(QZ_IsGas,"Vapour space inside the containers","Vapour space inside the containers")) -> Vapour space inside the containers | E55: =IF(QZ_Substance="","",QZ_Interior) -> TRUE | F55: FALSE | G55: =IF(QZ_Substance="","","–") -> – | H55: =IF(QZ_Substance="","","–") -> – | I55: =IF(QZ_Substance="","",IF(AND($E55,$F55),IFERROR(INDEX(Tables!$B$15:$B$17,MATCH($C55,Tables!$A$15:$A$17,0)),"–"),"–")) -> – | J55: =IF(QZ_Substance="","",IF(AND($E55,$F55),IFERROR($G55/($I55*QZ_LELm)*QZ_TK/Tables!$B$9,"–"),"–")) -> – | K55: =IF(QZ_Substance="","",IF(AND($E55,$F55),IFERROR(QZ_f*$J55/QZ_C,"–"),"–")) -> – | L55: =IF(QZ_Substance="","",IF(AND($E55,$F55),IFERROR($H55/($I55*QZ_LELm)*QZ_TK/Tables!$B$9,"–"),"–")) -> – | M55: =IF(QZ_Substance="","",IF(AND($E55,$F55),IFERROR(MIN($K55,$L55),"–"),"–")) -> – | N55: =IF(QZ_Substance="","",IF(AND($E55,$F55),IFERROR($L55<$K55,"–"),"–")) -> – | O55: =IF(QZ_Substance="","",IF(AND($E55,$F55),IFERROR(IF($M55<Tables!$B$7,"High",IF(QZ_Outdoor,"Medium",IF($M55<QZ_RoomVol,"Medium","Low"))),"–"),"–")) -> – | P55: =IF(QZ_Substance="","",IF(AND($E55,$F55),IFERROR(INDEX(Tables!$B$22:$J$24,MATCH($C55,Tables!$A$22:$A$24,0),MATCH($O55&"-"&QZ_Avail,Tables!$B$21:$J$21,0)),"–"),"–")) -> – | Q55: =IF(QZ_Substance="","",IF(AND($E55,$F55),IFERROR(IF(ISNUMBER(FIND("(",$P55)),VALUE(MID($P55,FIND("(",$P55)+6,1)),VALUE(MID($P55,FIND("Zone ",$P55)+5,1))),"–"),"–")) -> – | R55: =IF(QZ_Substance="","",IF(AND($E55,$F55),IFERROR(ISNUMBER(FIND(" NE)",$P55)),"–"),"–")) -> – | S55: =IF(QZ_Substance="","",IF(AND($E55,$F55),IFERROR(IF($O55="Low",9999,(3*$M55/(2*PI()))^(1/3)),"–"),"–")) -> – | T55: =IF(QZ_Substance="","",IF(AND($E55,$F55),IFERROR(IF(ISNUMBER(FIND(" + ",$P55)),VALUE(MID($P55,FIND(" + ",$P55)+8,1)),IF(AND(ISNUMBER(FIND("(",$P55)),LEFT($P55,4)="Zone"),VALUE(MID($P55,6,1)),"–")),"–"),"–")) -> – | U55: =IF(QZ_Substance="","",IF(AND($E55,$F55),IFERROR(QZ_f*$J55/QZ_C2,"–"),"–")) -> – | V55: =IF(QZ_Substance="","",IF(AND($E55,$F55),IFERROR(MIN($U55,$L55),"–"),"–")) -> – | W55: =IF(QZ_Substance="","",IF(AND($E55,$F55),IFERROR($L55<$U55,"–"),"–")) -> – | X55: =IF(QZ_Substance="","",IF(AND($E55,$F55),IFERROR(IF(ISNUMBER($T55),IF(AND(NOT(QZ_Outdoor),$V55>=QZ_RoomVol),9999,(3*$V55/(2*PI()))^(1/3)),"–"),"–"),"–")) -> – | Y55: =IF(QZ_Substance="","",IF(AND($E55,$F55),IFERROR(-QZ_f/QZ_C*LN(QZ_LFL*$I55/Tables!$B$6)/60,"–"),"–")) -> – | Z55: =IF(QZ_Substance="","",IF(AND($E55,$F55),IFERROR(OR(ISNUMBER(SEARCH(" or ",$P55)),ISNUMBER(SEARCH("even",$P55))),"–"),"–")) -> – | AA55: =IF(QZ_Substance="","",IF(NOT($E55),"",IF(NOT($F55),0,IF(AND(ISNUMBER($Q55),$Q55=0,$R55=FALSE),$S55,IF(AND(ISNUMBER($T55),$T55=0),$X55,""))))) -> 0 | AB55: =IF(QZ_Substance="","",IF(NOT($E55),"",IF(NOT($F55),"",IF(AND(ISNUMBER($Q55),$Q55=1,$R55=FALSE),$S55,IF(AND(ISNUMBER($T55),$T55=1),$X55,""))))) | AC55: =IF(QZ_Substance="","",IF(NOT($E55),"",IF(NOT($F55),"",IF(AND(ISNUMBER($Q55),$Q55=2,$R55=FALSE),$S55,IF(AND(ISNUMBER($T55),$T55=2),$X55,""))))) | AD55: =IF(QZ_Substance="","",IF(AND($E55,$F55),IF(AND(ISNUMBER($Q55),$Q55=0,$R55=TRUE),$S55,""),"")) | AE55: =IF(QZ_Substance="","",IF(AND($E55,$F55),IF(AND(ISNUMBER($Q55),$Q55=1,$R55=TRUE),$S55,""),"")) | AF55: =IF(QZ_Substance="","",IF(AND($E55,$F55),IF(AND(ISNUMBER($Q55),$Q55=2,$R55=TRUE),$S55,""),""))
B56: =Tables!$A$43 -> Closed containers / sealed system | C56: Primary | D56: =IF(QZ_Substance="","",IF(QZ_IsGas,"No release in normal operation","No release in normal operation")) -> No release in normal operation | E56: =IF(QZ_Substance="","",FALSE) -> FALSE | F56: FALSE | G56: =IF(QZ_Substance="","","–") -> – | H56: =IF(QZ_Substance="","","–") -> – | I56: =IF(QZ_Substance="","",IF(AND($E56,$F56),IFERROR(INDEX(Tables!$B$15:$B$17,MATCH($C56,Tables!$A$15:$A$17,0)),"–"),"–")) -> – | J56: =IF(QZ_Substance="","",IF(AND($E56,$F56),IFERROR($G56/($I56*QZ_LELm)*QZ_TK/Tables!$B$9,"–"),"–")) -> – | K56: =IF(QZ_Substance="","",IF(AND($E56,$F56),IFERROR(QZ_f*$J56/QZ_C,"–"),"–")) -> – | L56: =IF(QZ_Substance="","",IF(AND($E56,$F56),IFERROR($H56/($I56*QZ_LELm)*QZ_TK/Tables!$B$9,"–"),"–")) -> – | M56: =IF(QZ_Substance="","",IF(AND($E56,$F56),IFERROR(MIN($K56,$L56),"–"),"–")) -> – | N56: =IF(QZ_Substance="","",IF(AND($E56,$F56),IFERROR($L56<$K56,"–"),"–")) -> – | O56: =IF(QZ_Substance="","",IF(AND($E56,$F56),IFERROR(IF($M56<Tables!$B$7,"High",IF(QZ_Outdoor,"Medium",IF($M56<QZ_RoomVol,"Medium","Low"))),"–"),"–")) -> – | P56: =IF(QZ_Substance="","",IF(AND($E56,$F56),IFERROR(INDEX(Tables!$B$22:$J$24,MATCH($C56,Tables!$A$22:$A$24,0),MATCH($O56&"-"&QZ_Avail,Tables!$B$21:$J$21,0)),"–"),"–")) -> – | Q56: =IF(QZ_Substance="","",IF(AND($E56,$F56),IFERROR(IF(ISNUMBER(FIND("(",$P56)),VALUE(MID($P56,FIND("(",$P56)+6,1)),VALUE(MID($P56,FIND("Zone ",$P56)+5,1))),"–"),"–")) -> – | R56: =IF(QZ_Substance="","",IF(AND($E56,$F56),IFERROR(ISNUMBER(FIND(" NE)",$P56)),"–"),"–")) -> – | S56: =IF(QZ_Substance="","",IF(AND($E56,$F56),IFERROR(IF($O56="Low",9999,(3*$M56/(2*PI()))^(1/3)),"–"),"–")) -> – | T56: =IF(QZ_Substance="","",IF(AND($E56,$F56),IFERROR(IF(ISNUMBER(FIND(" + ",$P56)),VALUE(MID($P56,FIND(" + ",$P56)+8,1)),IF(AND(ISNUMBER(FIND("(",$P56)),LEFT($P56,4)="Zone"),VALUE(MID($P56,6,1)),"–")),"–"),"–")) -> – | U56: =IF(QZ_Substance="","",IF(AND($E56,$F56),IFERROR(QZ_f*$J56/QZ_C2,"–"),"–")) -> – | V56: =IF(QZ_Substance="","",IF(AND($E56,$F56),IFERROR(MIN($U56,$L56),"–"),"–")) -> – | W56: =IF(QZ_Substance="","",IF(AND($E56,$F56),IFERROR($L56<$U56,"–"),"–")) -> – | X56: =IF(QZ_Substance="","",IF(AND($E56,$F56),IFERROR(IF(ISNUMBER($T56),IF(AND(NOT(QZ_Outdoor),$V56>=QZ_RoomVol),9999,(3*$V56/(2*PI()))^(1/3)),"–"),"–"),"–")) -> – | Y56: =IF(QZ_Substance="","",IF(AND($E56,$F56),IFERROR(-QZ_f/QZ_C*LN(QZ_LFL*$I56/Tables!$B$6)/60,"–"),"–")) -> – | Z56: =IF(QZ_Substance="","",IF(AND($E56,$F56),IFERROR(OR(ISNUMBER(SEARCH(" or ",$P56)),ISNUMBER(SEARCH("even",$P56))),"–"),"–")) -> – | AA56: =IF(QZ_Substance="","",IF(NOT($E56),"",IF(NOT($F56),0,IF(AND(ISNUMBER($Q56),$Q56=0,$R56=FALSE),$S56,IF(AND(ISNUMBER($T56),$T56=0),$X56,""))))) | AB56: =IF(QZ_Substance="","",IF(NOT($E56),"",IF(NOT($F56),"",IF(AND(ISNUMBER($Q56),$Q56=1,$R56=FALSE),$S56,IF(AND(ISNUMBER($T56),$T56=1),$X56,""))))) | AC56: =IF(QZ_Substance="","",IF(NOT($E56),"",IF(NOT($F56),"",IF(AND(ISNUMBER($Q56),$Q56=2,$R56=FALSE),$S56,IF(AND(ISNUMBER($T56),$T56=2),$X56,""))))) | AD56: =IF(QZ_Substance="","",IF(AND($E56,$F56),IF(AND(ISNUMBER($Q56),$Q56=0,$R56=TRUE),$S56,""),"")) | AE56: =IF(QZ_Substance="","",IF(AND($E56,$F56),IF(AND(ISNUMBER($Q56),$Q56=1,$R56=TRUE),$S56,""),"")) | AF56: =IF(QZ_Substance="","",IF(AND($E56,$F56),IF(AND(ISNUMBER($Q56),$Q56=2,$R56=TRUE),$S56,""),""))
B57: =Tables!$A$43 -> Closed containers / sealed system | C57: Secondary | D57: =IF(QZ_Substance="","",IF(QZ_IsGas,"Leak from a joint, valve or fitting","Leak or spill of the full amount")) -> Leak or spill of the full amount | E57: =IF(QZ_Substance="","",TRUE) -> TRUE | F57: TRUE | G57: =IF(QZ_Substance="","",IF(AND($E57,$F57),IFERROR(QZ_W_Spill,"–"),"–")) -> 0.00031249379 | H57: =IF(QZ_Substance="","",IF(AND($E57,$F57),IFERROR(QZ_M_All,"–"),"–")) -> 21.675 | I57: =IF(QZ_Substance="","",IF(AND($E57,$F57),IFERROR(INDEX(Tables!$B$15:$B$17,MATCH($C57,Tables!$A$15:$A$17,0)),"–"),"–")) -> 0.5 | J57: =IF(QZ_Substance="","",IF(AND($E57,$F57),IFERROR($G57/($I57*QZ_LELm)*QZ_TK/Tables!$B$9,"–"),"–")) -> 0.016313687 | K57: =IF(QZ_Substance="","",IF(AND($E57,$F57),IFERROR(QZ_f*$J57/QZ_C,"–"),"–")) -> 39.152848 | L57: =IF(QZ_Substance="","",IF(AND($E57,$F57),IFERROR($H57/($I57*QZ_LELm)*QZ_TK/Tables!$B$9,"–"),"–")) -> 1131.5398 | M57: =IF(QZ_Substance="","",IF(AND($E57,$F57),IFERROR(MIN($K57,$L57),"–"),"–")) -> 39.152848 | N57: =IF(QZ_Substance="","",IF(AND($E57,$F57),IFERROR($L57<$K57,"–"),"–")) -> FALSE | O57: =IF(QZ_Substance="","",IF(AND($E57,$F57),IFERROR(IF($M57<Tables!$B$7,"High",IF(QZ_Outdoor,"Medium",IF($M57<QZ_RoomVol,"Medium","Low"))),"–"),"–")) -> Medium | P57: =IF(QZ_Substance="","",IF(AND($E57,$F57),IFERROR(INDEX(Tables!$B$22:$J$24,MATCH($C57,Tables!$A$22:$A$24,0),MATCH($O57&"-"&QZ_Avail,Tables!$B$21:$J$21,0)),"–"),"–")) -> Zone 2 | Q57: =IF(QZ_Substance="","",IF(AND($E57,$F57),IFERROR(IF(ISNUMBER(FIND("(",$P57)),VALUE(MID($P57,FIND("(",$P57)+6,1)),VALUE(MID($P57,FIND("Zone ",$P57)+5,1))),"–"),"–")) -> 2 | R57: =IF(QZ_Substance="","",IF(AND($E57,$F57),IFERROR(ISNUMBER(FIND(" NE)",$P57)),"–"),"–")) -> FALSE | S57: =IF(QZ_Substance="","",IF(AND($E57,$F57),IFERROR(IF($O57="Low",9999,(3*$M57/(2*PI()))^(1/3)),"–"),"–")) -> 2.6540041 | T57: =IF(QZ_Substance="","",IF(AND($E57,$F57),IFERROR(IF(ISNUMBER(FIND(" + ",$P57)),VALUE(MID($P57,FIND(" + ",$P57)+8,1)),IF(AND(ISNUMBER(FIND("(",$P57)),LEFT($P57,4)="Zone"),VALUE(MID($P57,6,1)),"–")),"–"),"–")) -> – | U57: =IF(QZ_Substance="","",IF(AND($E57,$F57),IFERROR(QZ_f*$J57/QZ_C2,"–"),"–")) -> 234.91709 | V57: =IF(QZ_Substance="","",IF(AND($E57,$F57),IFERROR(MIN($U57,$L57),"–"),"–")) -> 234.91709 | W57: =IF(QZ_Substance="","",IF(AND($E57,$F57),IFERROR($L57<$U57,"–"),"–")) -> FALSE | X57: =IF(QZ_Substance="","",IF(AND($E57,$F57),IFERROR(IF(ISNUMBER($T57),IF(AND(NOT(QZ_Outdoor),$V57>=QZ_RoomVol),9999,(3*$V57/(2*PI()))^(1/3)),"–"),"–"),"–")) -> – | Y57: =IF(QZ_Substance="","",IF(AND($E57,$F57),IFERROR(-QZ_f/QZ_C*LN(QZ_LFL*$I57/Tables!$B$6)/60,"–"),"–")) -> 211.93269 | Z57: =IF(QZ_Substance="","",IF(AND($E57,$F57),IFERROR(OR(ISNUMBER(SEARCH(" or ",$P57)),ISNUMBER(SEARCH("even",$P57))),"–"),"–")) -> FALSE | AA57: =IF(QZ_Substance="","",IF(NOT($E57),"",IF(NOT($F57),0,IF(AND(ISNUMBER($Q57),$Q57=0,$R57=FALSE),$S57,IF(AND(ISNUMBER($T57),$T57=0),$X57,""))))) | AB57: =IF(QZ_Substance="","",IF(NOT($E57),"",IF(NOT($F57),"",IF(AND(ISNUMBER($Q57),$Q57=1,$R57=FALSE),$S57,IF(AND(ISNUMBER($T57),$T57=1),$X57,""))))) | AC57: =IF(QZ_Substance="","",IF(NOT($E57),"",IF(NOT($F57),"",IF(AND(ISNUMBER($Q57),$Q57=2,$R57=FALSE),$S57,IF(AND(ISNUMBER($T57),$T57=2),$X57,""))))) -> 2.6540041 | AD57: =IF(QZ_Substance="","",IF(AND($E57,$F57),IF(AND(ISNUMBER($Q57),$Q57=0,$R57=TRUE),$S57,""),"")) | AE57: =IF(QZ_Substance="","",IF(AND($E57,$F57),IF(AND(ISNUMBER($Q57),$Q57=1,$R57=TRUE),$S57,""),"")) | AF57: =IF(QZ_Substance="","",IF(AND($E57,$F57),IF(AND(ISNUMBER($Q57),$Q57=2,$R57=TRUE),$S57,""),""))
B58: =Tables!$A$44 -> Decanting / filling / sampling | C58: Continuous | D58: =IF(QZ_Substance="","",IF(QZ_IsGas,"Vapour space inside the receiving container","Vapour space inside the receiving container")) -> Vapour space inside the receiving container | E58: =IF(QZ_Substance="","",QZ_Interior) -> TRUE | F58: FALSE | G58: =IF(QZ_Substance="","","–") -> – | H58: =IF(QZ_Substance="","","–") -> – | I58: =IF(QZ_Substance="","",IF(AND($E58,$F58),IFERROR(INDEX(Tables!$B$15:$B$17,MATCH($C58,Tables!$A$15:$A$17,0)),"–"),"–")) -> – | J58: =IF(QZ_Substance="","",IF(AND($E58,$F58),IFERROR($G58/($I58*QZ_LELm)*QZ_TK/Tables!$B$9,"–"),"–")) -> – | K58: =IF(QZ_Substance="","",IF(AND($E58,$F58),IFERROR(QZ_f*$J58/QZ_C,"–"),"–")) -> – | L58: =IF(QZ_Substance="","",IF(AND($E58,$F58),IFERROR($H58/($I58*QZ_LELm)*QZ_TK/Tables!$B$9,"–"),"–")) -> – | M58: =IF(QZ_Substance="","",IF(AND($E58,$F58),IFERROR(MIN($K58,$L58),"–"),"–")) -> – | N58: =IF(QZ_Substance="","",IF(AND($E58,$F58),IFERROR($L58<$K58,"–"),"–")) -> – | O58: =IF(QZ_Substance="","",IF(AND($E58,$F58),IFERROR(IF($M58<Tables!$B$7,"High",IF(QZ_Outdoor,"Medium",IF($M58<QZ_RoomVol,"Medium","Low"))),"–"),"–")) -> – | P58: =IF(QZ_Substance="","",IF(AND($E58,$F58),IFERROR(INDEX(Tables!$B$22:$J$24,MATCH($C58,Tables!$A$22:$A$24,0),MATCH($O58&"-"&QZ_Avail,Tables!$B$21:$J$21,0)),"–"),"–")) -> – | Q58: =IF(QZ_Substance="","",IF(AND($E58,$F58),IFERROR(IF(ISNUMBER(FIND("(",$P58)),VALUE(MID($P58,FIND("(",$P58)+6,1)),VALUE(MID($P58,FIND("Zone ",$P58)+5,1))),"–"),"–")) -> – | R58: =IF(QZ_Substance="","",IF(AND($E58,$F58),IFERROR(ISNUMBER(FIND(" NE)",$P58)),"–"),"–")) -> – | S58: =IF(QZ_Substance="","",IF(AND($E58,$F58),IFERROR(IF($O58="Low",9999,(3*$M58/(2*PI()))^(1/3)),"–"),"–")) -> – | T58: =IF(QZ_Substance="","",IF(AND($E58,$F58),IFERROR(IF(ISNUMBER(FIND(" + ",$P58)),VALUE(MID($P58,FIND(" + ",$P58)+8,1)),IF(AND(ISNUMBER(FIND("(",$P58)),LEFT($P58,4)="Zone"),VALUE(MID($P58,6,1)),"–")),"–"),"–")) -> – | U58: =IF(QZ_Substance="","",IF(AND($E58,$F58),IFERROR(QZ_f*$J58/QZ_C2,"–"),"–")) -> – | V58: =IF(QZ_Substance="","",IF(AND($E58,$F58),IFERROR(MIN($U58,$L58),"–"),"–")) -> – | W58: =IF(QZ_Substance="","",IF(AND($E58,$F58),IFERROR($L58<$U58,"–"),"–")) -> – | X58: =IF(QZ_Substance="","",IF(AND($E58,$F58),IFERROR(IF(ISNUMBER($T58),IF(AND(NOT(QZ_Outdoor),$V58>=QZ_RoomVol),9999,(3*$V58/(2*PI()))^(1/3)),"–"),"–"),"–")) -> – | Y58: =IF(QZ_Substance="","",IF(AND($E58,$F58),IFERROR(-QZ_f/QZ_C*LN(QZ_LFL*$I58/Tables!$B$6)/60,"–"),"–")) -> – | Z58: =IF(QZ_Substance="","",IF(AND($E58,$F58),IFERROR(OR(ISNUMBER(SEARCH(" or ",$P58)),ISNUMBER(SEARCH("even",$P58))),"–"),"–")) -> – | AA58: =IF(QZ_Substance="","",IF(NOT($E58),"",IF(NOT($F58),0,IF(AND(ISNUMBER($Q58),$Q58=0,$R58=FALSE),$S58,IF(AND(ISNUMBER($T58),$T58=0),$X58,""))))) -> 0 | AB58: =IF(QZ_Substance="","",IF(NOT($E58),"",IF(NOT($F58),"",IF(AND(ISNUMBER($Q58),$Q58=1,$R58=FALSE),$S58,IF(AND(ISNUMBER($T58),$T58=1),$X58,""))))) | AC58: =IF(QZ_Substance="","",IF(NOT($E58),"",IF(NOT($F58),"",IF(AND(ISNUMBER($Q58),$Q58=2,$R58=FALSE),$S58,IF(AND(ISNUMBER($T58),$T58=2),$X58,""))))) | AD58: =IF(QZ_Substance="","",IF(AND($E58,$F58),IF(AND(ISNUMBER($Q58),$Q58=0,$R58=TRUE),$S58,""),"")) | AE58: =IF(QZ_Substance="","",IF(AND($E58,$F58),IF(AND(ISNUMBER($Q58),$Q58=1,$R58=TRUE),$S58,""),"")) | AF58: =IF(QZ_Substance="","",IF(AND($E58,$F58),IF(AND(ISNUMBER($Q58),$Q58=2,$R58=TRUE),$S58,""),""))
B59: =Tables!$A$44 -> Decanting / filling / sampling | C59: Primary | D59: =IF(QZ_Substance="","",IF(QZ_IsGas,"Release at the connection while filling or sampling","Vapour pushed out of the container mouth while filling")) -> Vapour pushed out of the container mouth while filling | E59: =IF(QZ_Substance="","",TRUE) -> TRUE | F59: TRUE | G59: =IF(QZ_Substance="","",IF(AND($E59,$F59),IFERROR(QZ_W_Fill,"–"),"–")) -> 3.7312266e-05 | H59: =IF(QZ_Substance="","",IF(AND($E59,$F59),IFERROR(QZ_M_Fill,"–"),"–")) -> 0.00279842 | I59: =IF(QZ_Substance="","",IF(AND($E59,$F59),IFERROR(INDEX(Tables!$B$15:$B$17,MATCH($C59,Tables!$A$15:$A$17,0)),"–"),"–")) -> 0.25 | J59: =IF(QZ_Substance="","",IF(AND($E59,$F59),IFERROR($G59/($I59*QZ_LELm)*QZ_TK/Tables!$B$9,"–"),"–")) -> 0.0038957615 | K59: =IF(QZ_Substance="","",IF(AND($E59,$F59),IFERROR(QZ_f*$J59/QZ_C,"–"),"–")) -> 9.3498276 | L59: =IF(QZ_Substance="","",IF(AND($E59,$F59),IFERROR($H59/($I59*QZ_LELm)*QZ_TK/Tables!$B$9,"–"),"–")) -> 0.29218211 | M59: =IF(QZ_Substance="","",IF(AND($E59,$F59),IFERROR(MIN($K59,$L59),"–"),"–")) -> 0.29218211 | N59: =IF(QZ_Substance="","",IF(AND($E59,$F59),IFERROR($L59<$K59,"–"),"–")) -> TRUE | O59: =IF(QZ_Substance="","",IF(AND($E59,$F59),IFERROR(IF($M59<Tables!$B$7,"High",IF(QZ_Outdoor,"Medium",IF($M59<QZ_RoomVol,"Medium","Low"))),"–"),"–")) -> Medium | P59: =IF(QZ_Substance="","",IF(AND($E59,$F59),IFERROR(INDEX(Tables!$B$22:$J$24,MATCH($C59,Tables!$A$22:$A$24,0),MATCH($O59&"-"&QZ_Avail,Tables!$B$21:$J$21,0)),"–"),"–")) -> Zone 1 | Q59: =IF(QZ_Substance="","",IF(AND($E59,$F59),IFERROR(IF(ISNUMBER(FIND("(",$P59)),VALUE(MID($P59,FIND("(",$P59)+6,1)),VALUE(MID($P59,FIND("Zone ",$P59)+5,1))),"–"),"–")) -> 1 | R59: =IF(QZ_Substance="","",IF(AND($E59,$F59),IFERROR(ISNUMBER(FIND(" NE)",$P59)),"–"),"–")) -> FALSE | S59: =IF(QZ_Substance="","",IF(AND($E59,$F59),IFERROR(IF($O59="Low",9999,(3*$M59/(2*PI()))^(1/3)),"–"),"–")) -> 0.5186388 | T59: =IF(QZ_Substance="","",IF(AND($E59,$F59),IFERROR(IF(ISNUMBER(FIND(" + ",$P59)),VALUE(MID($P59,FIND(" + ",$P59)+8,1)),IF(AND(ISNUMBER(FIND("(",$P59)),LEFT($P59,4)="Zone"),VALUE(MID($P59,6,1)),"–")),"–"),"–")) -> – | U59: =IF(QZ_Substance="","",IF(AND($E59,$F59),IFERROR(QZ_f*$J59/QZ_C2,"–"),"–")) -> 56.098966 | V59: =IF(QZ_Substance="","",IF(AND($E59,$F59),IFERROR(MIN($U59,$L59),"–"),"–")) -> 0.29218211 | W59: =IF(QZ_Substance="","",IF(AND($E59,$F59),IFERROR($L59<$U59,"–"),"–")) -> TRUE | X59: =IF(QZ_Substance="","",IF(AND($E59,$F59),IFERROR(IF(ISNUMBER($T59),IF(AND(NOT(QZ_Outdoor),$V59>=QZ_RoomVol),9999,(3*$V59/(2*PI()))^(1/3)),"–"),"–"),"–")) -> – | Y59: =IF(QZ_Substance="","",IF(AND($E59,$F59),IFERROR(-QZ_f/QZ_C*LN(QZ_LFL*$I59/Tables!$B$6)/60,"–"),"–")) -> 239.65858 | Z59: =IF(QZ_Substance="","",IF(AND($E59,$F59),IFERROR(OR(ISNUMBER(SEARCH(" or ",$P59)),ISNUMBER(SEARCH("even",$P59))),"–"),"–")) -> FALSE | AA59: =IF(QZ_Substance="","",IF(NOT($E59),"",IF(NOT($F59),0,IF(AND(ISNUMBER($Q59),$Q59=0,$R59=FALSE),$S59,IF(AND(ISNUMBER($T59),$T59=0),$X59,""))))) | AB59: =IF(QZ_Substance="","",IF(NOT($E59),"",IF(NOT($F59),"",IF(AND(ISNUMBER($Q59),$Q59=1,$R59=FALSE),$S59,IF(AND(ISNUMBER($T59),$T59=1),$X59,""))))) -> 0.5186388 | AC59: =IF(QZ_Substance="","",IF(NOT($E59),"",IF(NOT($F59),"",IF(AND(ISNUMBER($Q59),$Q59=2,$R59=FALSE),$S59,IF(AND(ISNUMBER($T59),$T59=2),$X59,""))))) | AD59: =IF(QZ_Substance="","",IF(AND($E59,$F59),IF(AND(ISNUMBER($Q59),$Q59=0,$R59=TRUE),$S59,""),"")) | AE59: =IF(QZ_Substance="","",IF(AND($E59,$F59),IF(AND(ISNUMBER($Q59),$Q59=1,$R59=TRUE),$S59,""),"")) | AF59: =IF(QZ_Substance="","",IF(AND($E59,$F59),IF(AND(ISNUMBER($Q59),$Q59=2,$R59=TRUE),$S59,""),""))
B60: =Tables!$A$44 -> Decanting / filling / sampling | C60: Secondary | D60: =IF(QZ_Substance="","",IF(QZ_IsGas,"Leak from a joint, valve or fitting","Spill of the full amount")) -> Spill of the full amount | E60: =IF(QZ_Substance="","",TRUE) -> TRUE | F60: TRUE | G60: =IF(QZ_Substance="","",IF(AND($E60,$F60),IFERROR(QZ_W_Spill,"–"),"–")) -> 0.00031249379 | H60: =IF(QZ_Substance="","",IF(AND($E60,$F60),IFERROR(QZ_M_All,"–"),"–")) -> 21.675 | I60: =IF(QZ_Substance="","",IF(AND($E60,$F60),IFERROR(INDEX(Tables!$B$15:$B$17,MATCH($C60,Tables!$A$15:$A$17,0)),"–"),"–")) -> 0.5 | J60: =IF(QZ_Substance="","",IF(AND($E60,$F60),IFERROR($G60/($I60*QZ_LELm)*QZ_TK/Tables!$B$9,"–"),"–")) -> 0.016313687 | K60: =IF(QZ_Substance="","",IF(AND($E60,$F60),IFERROR(QZ_f*$J60/QZ_C,"–"),"–")) -> 39.152848 | L60: =IF(QZ_Substance="","",IF(AND($E60,$F60),IFERROR($H60/($I60*QZ_LELm)*QZ_TK/Tables!$B$9,"–"),"–")) -> 1131.5398 | M60: =IF(QZ_Substance="","",IF(AND($E60,$F60),IFERROR(MIN($K60,$L60),"–"),"–")) -> 39.152848 | N60: =IF(QZ_Substance="","",IF(AND($E60,$F60),IFERROR($L60<$K60,"–"),"–")) -> FALSE | O60: =IF(QZ_Substance="","",IF(AND($E60,$F60),IFERROR(IF($M60<Tables!$B$7,"High",IF(QZ_Outdoor,"Medium",IF($M60<QZ_RoomVol,"Medium","Low"))),"–"),"–")) -> Medium | P60: =IF(QZ_Substance="","",IF(AND($E60,$F60),IFERROR(INDEX(Tables!$B$22:$J$24,MATCH($C60,Tables!$A$22:$A$24,0),MATCH($O60&"-"&QZ_Avail,Tables!$B$21:$J$21,0)),"–"),"–")) -> Zone 2 | Q60: =IF(QZ_Substance="","",IF(AND($E60,$F60),IFERROR(IF(ISNUMBER(FIND("(",$P60)),VALUE(MID($P60,FIND("(",$P60)+6,1)),VALUE(MID($P60,FIND("Zone ",$P60)+5,1))),"–"),"–")) -> 2 | R60: =IF(QZ_Substance="","",IF(AND($E60,$F60),IFERROR(ISNUMBER(FIND(" NE)",$P60)),"–"),"–")) -> FALSE | S60: =IF(QZ_Substance="","",IF(AND($E60,$F60),IFERROR(IF($O60="Low",9999,(3*$M60/(2*PI()))^(1/3)),"–"),"–")) -> 2.6540041 | T60: =IF(QZ_Substance="","",IF(AND($E60,$F60),IFERROR(IF(ISNUMBER(FIND(" + ",$P60)),VALUE(MID($P60,FIND(" + ",$P60)+8,1)),IF(AND(ISNUMBER(FIND("(",$P60)),LEFT($P60,4)="Zone"),VALUE(MID($P60,6,1)),"–")),"–"),"–")) -> – | U60: =IF(QZ_Substance="","",IF(AND($E60,$F60),IFERROR(QZ_f*$J60/QZ_C2,"–"),"–")) -> 234.91709 | V60: =IF(QZ_Substance="","",IF(AND($E60,$F60),IFERROR(MIN($U60,$L60),"–"),"–")) -> 234.91709 | W60: =IF(QZ_Substance="","",IF(AND($E60,$F60),IFERROR($L60<$U60,"–"),"–")) -> FALSE | X60: =IF(QZ_Substance="","",IF(AND($E60,$F60),IFERROR(IF(ISNUMBER($T60),IF(AND(NOT(QZ_Outdoor),$V60>=QZ_RoomVol),9999,(3*$V60/(2*PI()))^(1/3)),"–"),"–"),"–")) -> – | Y60: =IF(QZ_Substance="","",IF(AND($E60,$F60),IFERROR(-QZ_f/QZ_C*LN(QZ_LFL*$I60/Tables!$B$6)/60,"–"),"–")) -> 211.93269 | Z60: =IF(QZ_Substance="","",IF(AND($E60,$F60),IFERROR(OR(ISNUMBER(SEARCH(" or ",$P60)),ISNUMBER(SEARCH("even",$P60))),"–"),"–")) -> FALSE | AA60: =IF(QZ_Substance="","",IF(NOT($E60),"",IF(NOT($F60),0,IF(AND(ISNUMBER($Q60),$Q60=0,$R60=FALSE),$S60,IF(AND(ISNUMBER($T60),$T60=0),$X60,""))))) | AB60: =IF(QZ_Substance="","",IF(NOT($E60),"",IF(NOT($F60),"",IF(AND(ISNUMBER($Q60),$Q60=1,$R60=FALSE),$S60,IF(AND(ISNUMBER($T60),$T60=1),$X60,""))))) | AC60: =IF(QZ_Substance="","",IF(NOT($E60),"",IF(NOT($F60),"",IF(AND(ISNUMBER($Q60),$Q60=2,$R60=FALSE),$S60,IF(AND(ISNUMBER($T60),$T60=2),$X60,""))))) -> 2.6540041 | AD60: =IF(QZ_Substance="","",IF(AND($E60,$F60),IF(AND(ISNUMBER($Q60),$Q60=0,$R60=TRUE),$S60,""),"")) | AE60: =IF(QZ_Substance="","",IF(AND($E60,$F60),IF(AND(ISNUMBER($Q60),$Q60=1,$R60=TRUE),$S60,""),"")) | AF60: =IF(QZ_Substance="","",IF(AND($E60,$F60),IF(AND(ISNUMBER($Q60),$Q60=2,$R60=TRUE),$S60,""),""))
B61: =Tables!$A$45 -> Open vessel / continuous emission | C61: Continuous | D61: =IF(QZ_Substance="","",IF(QZ_IsGas,"Continuous emission from the vent or opening","Evaporation from the open liquid surface")) -> Evaporation from the open liquid surface | E61: =IF(QZ_Substance="","",TRUE) -> TRUE | F61: TRUE | G61: =IF(QZ_Substance="","",IF(AND($E61,$F61),IFERROR(QZ_W_Surface,"–"),"–")) -> 6.2498757e-06 | H61: =IF(QZ_Substance="","",IF(AND($E61,$F61),IFERROR(QZ_M_All,"–"),"–")) -> 21.675 | I61: =IF(QZ_Substance="","",IF(AND($E61,$F61),IFERROR(INDEX(Tables!$B$15:$B$17,MATCH($C61,Tables!$A$15:$A$17,0)),"–"),"–")) -> 0.25 | J61: =IF(QZ_Substance="","",IF(AND($E61,$F61),IFERROR($G61/($I61*QZ_LELm)*QZ_TK/Tables!$B$9,"–"),"–")) -> 0.00065254747 | K61: =IF(QZ_Substance="","",IF(AND($E61,$F61),IFERROR(QZ_f*$J61/QZ_C,"–"),"–")) -> 1.5661139 | L61: =IF(QZ_Substance="","",IF(AND($E61,$F61),IFERROR($H61/($I61*QZ_LELm)*QZ_TK/Tables!$B$9,"–"),"–")) -> 2263.0796 | M61: =IF(QZ_Substance="","",IF(AND($E61,$F61),IFERROR(MIN($K61,$L61),"–"),"–")) -> 1.5661139 | N61: =IF(QZ_Substance="","",IF(AND($E61,$F61),IFERROR($L61<$K61,"–"),"–")) -> FALSE | O61: =IF(QZ_Substance="","",IF(AND($E61,$F61),IFERROR(IF($M61<Tables!$B$7,"High",IF(QZ_Outdoor,"Medium",IF($M61<QZ_RoomVol,"Medium","Low"))),"–"),"–")) -> Medium | P61: =IF(QZ_Substance="","",IF(AND($E61,$F61),IFERROR(INDEX(Tables!$B$22:$J$24,MATCH($C61,Tables!$A$22:$A$24,0),MATCH($O61&"-"&QZ_Avail,Tables!$B$21:$J$21,0)),"–"),"–")) -> Zone 0 | Q61: =IF(QZ_Substance="","",IF(AND($E61,$F61),IFERROR(IF(ISNUMBER(FIND("(",$P61)),VALUE(MID($P61,FIND("(",$P61)+6,1)),VALUE(MID($P61,FIND("Zone ",$P61)+5,1))),"–"),"–")) -> 0 | R61: =IF(QZ_Substance="","",IF(AND($E61,$F61),IFERROR(ISNUMBER(FIND(" NE)",$P61)),"–"),"–")) -> FALSE | S61: =IF(QZ_Substance="","",IF(AND($E61,$F61),IFERROR(IF($O61="Low",9999,(3*$M61/(2*PI()))^(1/3)),"–"),"–")) -> 0.90765662 | T61: =IF(QZ_Substance="","",IF(AND($E61,$F61),IFERROR(IF(ISNUMBER(FIND(" + ",$P61)),VALUE(MID($P61,FIND(" + ",$P61)+8,1)),IF(AND(ISNUMBER(FIND("(",$P61)),LEFT($P61,4)="Zone"),VALUE(MID($P61,6,1)),"–")),"–"),"–")) -> – | U61: =IF(QZ_Substance="","",IF(AND($E61,$F61),IFERROR(QZ_f*$J61/QZ_C2,"–"),"–")) -> 9.3966836 | V61: =IF(QZ_Substance="","",IF(AND($E61,$F61),IFERROR(MIN($U61,$L61),"–"),"–")) -> 9.3966836 | W61: =IF(QZ_Substance="","",IF(AND($E61,$F61),IFERROR($L61<$U61,"–"),"–")) -> FALSE | X61: =IF(QZ_Substance="","",IF(AND($E61,$F61),IFERROR(IF(ISNUMBER($T61),IF(AND(NOT(QZ_Outdoor),$V61>=QZ_RoomVol),9999,(3*$V61/(2*PI()))^(1/3)),"–"),"–"),"–")) -> – | Y61: =IF(QZ_Substance="","",IF(AND($E61,$F61),IFERROR(-QZ_f/QZ_C*LN(QZ_LFL*$I61/Tables!$B$6)/60,"–"),"–")) -> 239.65858 | Z61: =IF(QZ_Substance="","",IF(AND($E61,$F61),IFERROR(OR(ISNUMBER(SEARCH(" or ",$P61)),ISNUMBER(SEARCH("even",$P61))),"–"),"–")) -> FALSE | AA61: =IF(QZ_Substance="","",IF(NOT($E61),"",IF(NOT($F61),0,IF(AND(ISNUMBER($Q61),$Q61=0,$R61=FALSE),$S61,IF(AND(ISNUMBER($T61),$T61=0),$X61,""))))) -> 0.90765662 | AB61: =IF(QZ_Substance="","",IF(NOT($E61),"",IF(NOT($F61),"",IF(AND(ISNUMBER($Q61),$Q61=1,$R61=FALSE),$S61,IF(AND(ISNUMBER($T61),$T61=1),$X61,""))))) | AC61: =IF(QZ_Substance="","",IF(NOT($E61),"",IF(NOT($F61),"",IF(AND(ISNUMBER($Q61),$Q61=2,$R61=FALSE),$S61,IF(AND(ISNUMBER($T61),$T61=2),$X61,""))))) | AD61: =IF(QZ_Substance="","",IF(AND($E61,$F61),IF(AND(ISNUMBER($Q61),$Q61=0,$R61=TRUE),$S61,""),"")) | AE61: =IF(QZ_Substance="","",IF(AND($E61,$F61),IF(AND(ISNUMBER($Q61),$Q61=1,$R61=TRUE),$S61,""),"")) | AF61: =IF(QZ_Substance="","",IF(AND($E61,$F61),IF(AND(ISNUMBER($Q61),$Q61=2,$R61=TRUE),$S61,""),""))
B62: =Tables!$A$45 -> Open vessel / continuous emission | C62: Primary | D62: =IF(QZ_Substance="","",IF(QZ_IsGas,"Increased emission during normal operation","Vapour pushed out while charging the vessel")) -> Vapour pushed out while charging the vessel | E62: =IF(QZ_Substance="","",TRUE) -> TRUE | F62: TRUE | G62: =IF(QZ_Substance="","",IF(AND($E62,$F62),IFERROR(QZ_W_Charge,"–"),"–")) -> 4.2937155e-05 | H62: =IF(QZ_Substance="","",IF(AND($E62,$F62),IFERROR(QZ_M_Charge,"–"),"–")) -> 0.0032202866 | I62: =IF(QZ_Substance="","",IF(AND($E62,$F62),IFERROR(INDEX(Tables!$B$15:$B$17,MATCH($C62,Tables!$A$15:$A$17,0)),"–"),"–")) -> 0.25 | J62: =IF(QZ_Substance="","",IF(AND($E62,$F62),IFERROR($G62/($I62*QZ_LELm)*QZ_TK/Tables!$B$9,"–"),"–")) -> 0.0044830542 | K62: =IF(QZ_Substance="","",IF(AND($E62,$F62),IFERROR(QZ_f*$J62/QZ_C,"–"),"–")) -> 10.75933 | L62: =IF(QZ_Substance="","",IF(AND($E62,$F62),IFERROR($H62/($I62*QZ_LELm)*QZ_TK/Tables!$B$9,"–"),"–")) -> 0.33622907 | M62: =IF(QZ_Substance="","",IF(AND($E62,$F62),IFERROR(MIN($K62,$L62),"–"),"–")) -> 0.33622907 | N62: =IF(QZ_Substance="","",IF(AND($E62,$F62),IFERROR($L62<$K62,"–"),"–")) -> TRUE | O62: =IF(QZ_Substance="","",IF(AND($E62,$F62),IFERROR(IF($M62<Tables!$B$7,"High",IF(QZ_Outdoor,"Medium",IF($M62<QZ_RoomVol,"Medium","Low"))),"–"),"–")) -> Medium | P62: =IF(QZ_Substance="","",IF(AND($E62,$F62),IFERROR(INDEX(Tables!$B$22:$J$24,MATCH($C62,Tables!$A$22:$A$24,0),MATCH($O62&"-"&QZ_Avail,Tables!$B$21:$J$21,0)),"–"),"–")) -> Zone 1 | Q62: =IF(QZ_Substance="","",IF(AND($E62,$F62),IFERROR(IF(ISNUMBER(FIND("(",$P62)),VALUE(MID($P62,FIND("(",$P62)+6,1)),VALUE(MID($P62,FIND("Zone ",$P62)+5,1))),"–"),"–")) -> 1 | R62: =IF(QZ_Substance="","",IF(AND($E62,$F62),IFERROR(ISNUMBER(FIND(" NE)",$P62)),"–"),"–")) -> FALSE | S62: =IF(QZ_Substance="","",IF(AND($E62,$F62),IFERROR(IF($O62="Low",9999,(3*$M62/(2*PI()))^(1/3)),"–"),"–")) -> 0.54349082 | T62: =IF(QZ_Substance="","",IF(AND($E62,$F62),IFERROR(IF(ISNUMBER(FIND(" + ",$P62)),VALUE(MID($P62,FIND(" + ",$P62)+8,1)),IF(AND(ISNUMBER(FIND("(",$P62)),LEFT($P62,4)="Zone"),VALUE(MID($P62,6,1)),"–")),"–"),"–")) -> – | U62: =IF(QZ_Substance="","",IF(AND($E62,$F62),IFERROR(QZ_f*$J62/QZ_C2,"–"),"–")) -> 64.555981 | V62: =IF(QZ_Substance="","",IF(AND($E62,$F62),IFERROR(MIN($U62,$L62),"–"),"–")) -> 0.33622907 | W62: =IF(QZ_Substance="","",IF(AND($E62,$F62),IFERROR($L62<$U62,"–"),"–")) -> TRUE | X62: =IF(QZ_Substance="","",IF(AND($E62,$F62),IFERROR(IF(ISNUMBER($T62),IF(AND(NOT(QZ_Outdoor),$V62>=QZ_RoomVol),9999,(3*$V62/(2*PI()))^(1/3)),"–"),"–"),"–")) -> – | Y62: =IF(QZ_Substance="","",IF(AND($E62,$F62),IFERROR(-QZ_f/QZ_C*LN(QZ_LFL*$I62/Tables!$B$6)/60,"–"),"–")) -> 239.65858 | Z62: =IF(QZ_Substance="","",IF(AND($E62,$F62),IFERROR(OR(ISNUMBER(SEARCH(" or ",$P62)),ISNUMBER(SEARCH("even",$P62))),"–"),"–")) -> FALSE | AA62: =IF(QZ_Substance="","",IF(NOT($E62),"",IF(NOT($F62),0,IF(AND(ISNUMBER($Q62),$Q62=0,$R62=FALSE),$S62,IF(AND(ISNUMBER($T62),$T62=0),$X62,""))))) | AB62: =IF(QZ_Substance="","",IF(NOT($E62),"",IF(NOT($F62),"",IF(AND(ISNUMBER($Q62),$Q62=1,$R62=FALSE),$S62,IF(AND(ISNUMBER($T62),$T62=1),$X62,""))))) -> 0.54349082 | AC62: =IF(QZ_Substance="","",IF(NOT($E62),"",IF(NOT($F62),"",IF(AND(ISNUMBER($Q62),$Q62=2,$R62=FALSE),$S62,IF(AND(ISNUMBER($T62),$T62=2),$X62,""))))) | AD62: =IF(QZ_Substance="","",IF(AND($E62,$F62),IF(AND(ISNUMBER($Q62),$Q62=0,$R62=TRUE),$S62,""),"")) | AE62: =IF(QZ_Substance="","",IF(AND($E62,$F62),IF(AND(ISNUMBER($Q62),$Q62=1,$R62=TRUE),$S62,""),"")) | AF62: =IF(QZ_Substance="","",IF(AND($E62,$F62),IF(AND(ISNUMBER($Q62),$Q62=2,$R62=TRUE),$S62,""),""))
B63: =Tables!$A$45 -> Open vessel / continuous emission | C63: Secondary | D63: =IF(QZ_Substance="","",IF(QZ_IsGas,"Leak from a joint, valve or fitting","Spill or overflow of the full amount")) -> Spill or overflow of the full amount | E63: =IF(QZ_Substance="","",TRUE) -> TRUE | F63: TRUE | G63: =IF(QZ_Substance="","",IF(AND($E63,$F63),IFERROR(QZ_W_Spill,"–"),"–")) -> 0.00031249379 | H63: =IF(QZ_Substance="","",IF(AND($E63,$F63),IFERROR(QZ_M_All,"–"),"–")) -> 21.675 | I63: =IF(QZ_Substance="","",IF(AND($E63,$F63),IFERROR(INDEX(Tables!$B$15:$B$17,MATCH($C63,Tables!$A$15:$A$17,0)),"–"),"–")) -> 0.5 | J63: =IF(QZ_Substance="","",IF(AND($E63,$F63),IFERROR($G63/($I63*QZ_LELm)*QZ_TK/Tables!$B$9,"–"),"–")) -> 0.016313687 | K63: =IF(QZ_Substance="","",IF(AND($E63,$F63),IFERROR(QZ_f*$J63/QZ_C,"–"),"–")) -> 39.152848 | L63: =IF(QZ_Substance="","",IF(AND($E63,$F63),IFERROR($H63/($I63*QZ_LELm)*QZ_TK/Tables!$B$9,"–"),"–")) -> 1131.5398 | M63: =IF(QZ_Substance="","",IF(AND($E63,$F63),IFERROR(MIN($K63,$L63),"–"),"–")) -> 39.152848 | N63: =IF(QZ_Substance="","",IF(AND($E63,$F63),IFERROR($L63<$K63,"–"),"–")) -> FALSE | O63: =IF(QZ_Substance="","",IF(AND($E63,$F63),IFERROR(IF($M63<Tables!$B$7,"High",IF(QZ_Outdoor,"Medium",IF($M63<QZ_RoomVol,"Medium","Low"))),"–"),"–")) -> Medium | P63: =IF(QZ_Substance="","",IF(AND($E63,$F63),IFERROR(INDEX(Tables!$B$22:$J$24,MATCH($C63,Tables!$A$22:$A$24,0),MATCH($O63&"-"&QZ_Avail,Tables!$B$21:$J$21,0)),"–"),"–")) -> Zone 2 | Q63: =IF(QZ_Substance="","",IF(AND($E63,$F63),IFERROR(IF(ISNUMBER(FIND("(",$P63)),VALUE(MID($P63,FIND("(",$P63)+6,1)),VALUE(MID($P63,FIND("Zone ",$P63)+5,1))),"–"),"–")) -> 2 | R63: =IF(QZ_Substance="","",IF(AND($E63,$F63),IFERROR(ISNUMBER(FIND(" NE)",$P63)),"–"),"–")) -> FALSE | S63: =IF(QZ_Substance="","",IF(AND($E63,$F63),IFERROR(IF($O63="Low",9999,(3*$M63/(2*PI()))^(1/3)),"–"),"–")) -> 2.6540041 | T63: =IF(QZ_Substance="","",IF(AND($E63,$F63),IFERROR(IF(ISNUMBER(FIND(" + ",$P63)),VALUE(MID($P63,FIND(" + ",$P63)+8,1)),IF(AND(ISNUMBER(FIND("(",$P63)),LEFT($P63,4)="Zone"),VALUE(MID($P63,6,1)),"–")),"–"),"–")) -> – | U63: =IF(QZ_Substance="","",IF(AND($E63,$F63),IFERROR(QZ_f*$J63/QZ_C2,"–"),"–")) -> 234.91709 | V63: =IF(QZ_Substance="","",IF(AND($E63,$F63),IFERROR(MIN($U63,$L63),"–"),"–")) -> 234.91709 | W63: =IF(QZ_Substance="","",IF(AND($E63,$F63),IFERROR($L63<$U63,"–"),"–")) -> FALSE | X63: =IF(QZ_Substance="","",IF(AND($E63,$F63),IFERROR(IF(ISNUMBER($T63),IF(AND(NOT(QZ_Outdoor),$V63>=QZ_RoomVol),9999,(3*$V63/(2*PI()))^(1/3)),"–"),"–"),"–")) -> – | Y63: =IF(QZ_Substance="","",IF(AND($E63,$F63),IFERROR(-QZ_f/QZ_C*LN(QZ_LFL*$I63/Tables!$B$6)/60,"–"),"–")) -> 211.93269 | Z63: =IF(QZ_Substance="","",IF(AND($E63,$F63),IFERROR(OR(ISNUMBER(SEARCH(" or ",$P63)),ISNUMBER(SEARCH("even",$P63))),"–"),"–")) -> FALSE | AA63: =IF(QZ_Substance="","",IF(NOT($E63),"",IF(NOT($F63),0,IF(AND(ISNUMBER($Q63),$Q63=0,$R63=FALSE),$S63,IF(AND(ISNUMBER($T63),$T63=0),$X63,""))))) | AB63: =IF(QZ_Substance="","",IF(NOT($E63),"",IF(NOT($F63),"",IF(AND(ISNUMBER($Q63),$Q63=1,$R63=FALSE),$S63,IF(AND(ISNUMBER($T63),$T63=1),$X63,""))))) | AC63: =IF(QZ_Substance="","",IF(NOT($E63),"",IF(NOT($F63),"",IF(AND(ISNUMBER($Q63),$Q63=2,$R63=FALSE),$S63,IF(AND(ISNUMBER($T63),$T63=2),$X63,""))))) -> 2.6540041 | AD63: =IF(QZ_Substance="","",IF(AND($E63,$F63),IF(AND(ISNUMBER($Q63),$Q63=0,$R63=TRUE),$S63,""),"")) | AE63: =IF(QZ_Substance="","",IF(AND($E63,$F63),IF(AND(ISNUMBER($Q63),$Q63=1,$R63=TRUE),$S63,""),"")) | AF63: =IF(QZ_Substance="","",IF(AND($E63,$F63),IF(AND(ISNUMBER($Q63),$Q63=2,$R63=TRUE),$S63,""),""))
B64: =Tables!$A$46 -> Open tin or tray | C64: Continuous | D64: =IF(QZ_Substance="","",IF(QZ_IsGas,"Continuous emission from the vent or opening","Evaporation from the open liquid surface")) -> Evaporation from the open liquid surface | E64: =IF(QZ_Substance="","",TRUE) -> TRUE | F64: TRUE | G64: =IF(QZ_Substance="","",IF(AND($E64,$F64),IFERROR(QZ_W_Surface,"–"),"–")) -> 6.2498757e-06 | H64: =IF(QZ_Substance="","",IF(AND($E64,$F64),IFERROR(QZ_M_All,"–"),"–")) -> 21.675 | I64: =IF(QZ_Substance="","",IF(AND($E64,$F64),IFERROR(INDEX(Tables!$B$15:$B$17,MATCH($C64,Tables!$A$15:$A$17,0)),"–"),"–")) -> 0.25 | J64: =IF(QZ_Substance="","",IF(AND($E64,$F64),IFERROR($G64/($I64*QZ_LELm)*QZ_TK/Tables!$B$9,"–"),"–")) -> 0.00065254747 | K64: =IF(QZ_Substance="","",IF(AND($E64,$F64),IFERROR(QZ_f*$J64/QZ_C,"–"),"–")) -> 1.5661139 | L64: =IF(QZ_Substance="","",IF(AND($E64,$F64),IFERROR($H64/($I64*QZ_LELm)*QZ_TK/Tables!$B$9,"–"),"–")) -> 2263.0796 | M64: =IF(QZ_Substance="","",IF(AND($E64,$F64),IFERROR(MIN($K64,$L64),"–"),"–")) -> 1.5661139 | N64: =IF(QZ_Substance="","",IF(AND($E64,$F64),IFERROR($L64<$K64,"–"),"–")) -> FALSE | O64: =IF(QZ_Substance="","",IF(AND($E64,$F64),IFERROR(IF($M64<Tables!$B$7,"High",IF(QZ_Outdoor,"Medium",IF($M64<QZ_RoomVol,"Medium","Low"))),"–"),"–")) -> Medium | P64: =IF(QZ_Substance="","",IF(AND($E64,$F64),IFERROR(INDEX(Tables!$B$22:$J$24,MATCH($C64,Tables!$A$22:$A$24,0),MATCH($O64&"-"&QZ_Avail,Tables!$B$21:$J$21,0)),"–"),"–")) -> Zone 0 | Q64: =IF(QZ_Substance="","",IF(AND($E64,$F64),IFERROR(IF(ISNUMBER(FIND("(",$P64)),VALUE(MID($P64,FIND("(",$P64)+6,1)),VALUE(MID($P64,FIND("Zone ",$P64)+5,1))),"–"),"–")) -> 0 | R64: =IF(QZ_Substance="","",IF(AND($E64,$F64),IFERROR(ISNUMBER(FIND(" NE)",$P64)),"–"),"–")) -> FALSE | S64: =IF(QZ_Substance="","",IF(AND($E64,$F64),IFERROR(IF($O64="Low",9999,(3*$M64/(2*PI()))^(1/3)),"–"),"–")) -> 0.90765662 | T64: =IF(QZ_Substance="","",IF(AND($E64,$F64),IFERROR(IF(ISNUMBER(FIND(" + ",$P64)),VALUE(MID($P64,FIND(" + ",$P64)+8,1)),IF(AND(ISNUMBER(FIND("(",$P64)),LEFT($P64,4)="Zone"),VALUE(MID($P64,6,1)),"–")),"–"),"–")) -> – | U64: =IF(QZ_Substance="","",IF(AND($E64,$F64),IFERROR(QZ_f*$J64/QZ_C2,"–"),"–")) -> 9.3966836 | V64: =IF(QZ_Substance="","",IF(AND($E64,$F64),IFERROR(MIN($U64,$L64),"–"),"–")) -> 9.3966836 | W64: =IF(QZ_Substance="","",IF(AND($E64,$F64),IFERROR($L64<$U64,"–"),"–")) -> FALSE | X64: =IF(QZ_Substance="","",IF(AND($E64,$F64),IFERROR(IF(ISNUMBER($T64),IF(AND(NOT(QZ_Outdoor),$V64>=QZ_RoomVol),9999,(3*$V64/(2*PI()))^(1/3)),"–"),"–"),"–")) -> – | Y64: =IF(QZ_Substance="","",IF(AND($E64,$F64),IFERROR(-QZ_f/QZ_C*LN(QZ_LFL*$I64/Tables!$B$6)/60,"–"),"–")) -> 239.65858 | Z64: =IF(QZ_Substance="","",IF(AND($E64,$F64),IFERROR(OR(ISNUMBER(SEARCH(" or ",$P64)),ISNUMBER(SEARCH("even",$P64))),"–"),"–")) -> FALSE | AA64: =IF(QZ_Substance="","",IF(NOT($E64),"",IF(NOT($F64),0,IF(AND(ISNUMBER($Q64),$Q64=0,$R64=FALSE),$S64,IF(AND(ISNUMBER($T64),$T64=0),$X64,""))))) -> 0.90765662 | AB64: =IF(QZ_Substance="","",IF(NOT($E64),"",IF(NOT($F64),"",IF(AND(ISNUMBER($Q64),$Q64=1,$R64=FALSE),$S64,IF(AND(ISNUMBER($T64),$T64=1),$X64,""))))) | AC64: =IF(QZ_Substance="","",IF(NOT($E64),"",IF(NOT($F64),"",IF(AND(ISNUMBER($Q64),$Q64=2,$R64=FALSE),$S64,IF(AND(ISNUMBER($T64),$T64=2),$X64,""))))) | AD64: =IF(QZ_Substance="","",IF(AND($E64,$F64),IF(AND(ISNUMBER($Q64),$Q64=0,$R64=TRUE),$S64,""),"")) | AE64: =IF(QZ_Substance="","",IF(AND($E64,$F64),IF(AND(ISNUMBER($Q64),$Q64=1,$R64=TRUE),$S64,""),"")) | AF64: =IF(QZ_Substance="","",IF(AND($E64,$F64),IF(AND(ISNUMBER($Q64),$Q64=2,$R64=TRUE),$S64,""),""))
B65: =Tables!$A$46 -> Open tin or tray | C65: Primary | D65: =IF(QZ_Substance="","",IF(QZ_IsGas,"No other release in normal operation","No other release in normal operation")) -> No other release in normal operation | E65: =IF(QZ_Substance="","",FALSE) -> FALSE | F65: FALSE | G65: =IF(QZ_Substance="","","–") -> – | H65: =IF(QZ_Substance="","","–") -> – | I65: =IF(QZ_Substance="","",IF(AND($E65,$F65),IFERROR(INDEX(Tables!$B$15:$B$17,MATCH($C65,Tables!$A$15:$A$17,0)),"–"),"–")) -> – | J65: =IF(QZ_Substance="","",IF(AND($E65,$F65),IFERROR($G65/($I65*QZ_LELm)*QZ_TK/Tables!$B$9,"–"),"–")) -> – | K65: =IF(QZ_Substance="","",IF(AND($E65,$F65),IFERROR(QZ_f*$J65/QZ_C,"–"),"–")) -> – | L65: =IF(QZ_Substance="","",IF(AND($E65,$F65),IFERROR($H65/($I65*QZ_LELm)*QZ_TK/Tables!$B$9,"–"),"–")) -> – | M65: =IF(QZ_Substance="","",IF(AND($E65,$F65),IFERROR(MIN($K65,$L65),"–"),"–")) -> – | N65: =IF(QZ_Substance="","",IF(AND($E65,$F65),IFERROR($L65<$K65,"–"),"–")) -> – | O65: =IF(QZ_Substance="","",IF(AND($E65,$F65),IFERROR(IF($M65<Tables!$B$7,"High",IF(QZ_Outdoor,"Medium",IF($M65<QZ_RoomVol,"Medium","Low"))),"–"),"–")) -> – | P65: =IF(QZ_Substance="","",IF(AND($E65,$F65),IFERROR(INDEX(Tables!$B$22:$J$24,MATCH($C65,Tables!$A$22:$A$24,0),MATCH($O65&"-"&QZ_Avail,Tables!$B$21:$J$21,0)),"–"),"–")) -> – | Q65: =IF(QZ_Substance="","",IF(AND($E65,$F65),IFERROR(IF(ISNUMBER(FIND("(",$P65)),VALUE(MID($P65,FIND("(",$P65)+6,1)),VALUE(MID($P65,FIND("Zone ",$P65)+5,1))),"–"),"–")) -> – | R65: =IF(QZ_Substance="","",IF(AND($E65,$F65),IFERROR(ISNUMBER(FIND(" NE)",$P65)),"–"),"–")) -> – | S65: =IF(QZ_Substance="","",IF(AND($E65,$F65),IFERROR(IF($O65="Low",9999,(3*$M65/(2*PI()))^(1/3)),"–"),"–")) -> – | T65: =IF(QZ_Substance="","",IF(AND($E65,$F65),IFERROR(IF(ISNUMBER(FIND(" + ",$P65)),VALUE(MID($P65,FIND(" + ",$P65)+8,1)),IF(AND(ISNUMBER(FIND("(",$P65)),LEFT($P65,4)="Zone"),VALUE(MID($P65,6,1)),"–")),"–"),"–")) -> – | U65: =IF(QZ_Substance="","",IF(AND($E65,$F65),IFERROR(QZ_f*$J65/QZ_C2,"–"),"–")) -> – | V65: =IF(QZ_Substance="","",IF(AND($E65,$F65),IFERROR(MIN($U65,$L65),"–"),"–")) -> – | W65: =IF(QZ_Substance="","",IF(AND($E65,$F65),IFERROR($L65<$U65,"–"),"–")) -> – | X65: =IF(QZ_Substance="","",IF(AND($E65,$F65),IFERROR(IF(ISNUMBER($T65),IF(AND(NOT(QZ_Outdoor),$V65>=QZ_RoomVol),9999,(3*$V65/(2*PI()))^(1/3)),"–"),"–"),"–")) -> – | Y65: =IF(QZ_Substance="","",IF(AND($E65,$F65),IFERROR(-QZ_f/QZ_C*LN(QZ_LFL*$I65/Tables!$B$6)/60,"–"),"–")) -> – | Z65: =IF(QZ_Substance="","",IF(AND($E65,$F65),IFERROR(OR(ISNUMBER(SEARCH(" or ",$P65)),ISNUMBER(SEARCH("even",$P65))),"–"),"–")) -> – | AA65: =IF(QZ_Substance="","",IF(NOT($E65),"",IF(NOT($F65),0,IF(AND(ISNUMBER($Q65),$Q65=0,$R65=FALSE),$S65,IF(AND(ISNUMBER($T65),$T65=0),$X65,""))))) | AB65: =IF(QZ_Substance="","",IF(NOT($E65),"",IF(NOT($F65),"",IF(AND(ISNUMBER($Q65),$Q65=1,$R65=FALSE),$S65,IF(AND(ISNUMBER($T65),$T65=1),$X65,""))))) | AC65: =IF(QZ_Substance="","",IF(NOT($E65),"",IF(NOT($F65),"",IF(AND(ISNUMBER($Q65),$Q65=2,$R65=FALSE),$S65,IF(AND(ISNUMBER($T65),$T65=2),$X65,""))))) | AD65: =IF(QZ_Substance="","",IF(AND($E65,$F65),IF(AND(ISNUMBER($Q65),$Q65=0,$R65=TRUE),$S65,""),"")) | AE65: =IF(QZ_Substance="","",IF(AND($E65,$F65),IF(AND(ISNUMBER($Q65),$Q65=1,$R65=TRUE),$S65,""),"")) | AF65: =IF(QZ_Substance="","",IF(AND($E65,$F65),IF(AND(ISNUMBER($Q65),$Q65=2,$R65=TRUE),$S65,""),""))
B66: =Tables!$A$46 -> Open tin or tray | C66: Secondary | D66: =IF(QZ_Substance="","",IF(QZ_IsGas,"Leak from a joint, valve or fitting","Spill of the full amount")) -> Spill of the full amount | E66: =IF(QZ_Substance="","",TRUE) -> TRUE | F66: TRUE | G66: =IF(QZ_Substance="","",IF(AND($E66,$F66),IFERROR(QZ_W_Spill,"–"),"–")) -> 0.00031249379 | H66: =IF(QZ_Substance="","",IF(AND($E66,$F66),IFERROR(QZ_M_All,"–"),"–")) -> 21.675 | I66: =IF(QZ_Substance="","",IF(AND($E66,$F66),IFERROR(INDEX(Tables!$B$15:$B$17,MATCH($C66,Tables!$A$15:$A$17,0)),"–"),"–")) -> 0.5 | J66: =IF(QZ_Substance="","",IF(AND($E66,$F66),IFERROR($G66/($I66*QZ_LELm)*QZ_TK/Tables!$B$9,"–"),"–")) -> 0.016313687 | K66: =IF(QZ_Substance="","",IF(AND($E66,$F66),IFERROR(QZ_f*$J66/QZ_C,"–"),"–")) -> 39.152848 | L66: =IF(QZ_Substance="","",IF(AND($E66,$F66),IFERROR($H66/($I66*QZ_LELm)*QZ_TK/Tables!$B$9,"–"),"–")) -> 1131.5398 | M66: =IF(QZ_Substance="","",IF(AND($E66,$F66),IFERROR(MIN($K66,$L66),"–"),"–")) -> 39.152848 | N66: =IF(QZ_Substance="","",IF(AND($E66,$F66),IFERROR($L66<$K66,"–"),"–")) -> FALSE | O66: =IF(QZ_Substance="","",IF(AND($E66,$F66),IFERROR(IF($M66<Tables!$B$7,"High",IF(QZ_Outdoor,"Medium",IF($M66<QZ_RoomVol,"Medium","Low"))),"–"),"–")) -> Medium | P66: =IF(QZ_Substance="","",IF(AND($E66,$F66),IFERROR(INDEX(Tables!$B$22:$J$24,MATCH($C66,Tables!$A$22:$A$24,0),MATCH($O66&"-"&QZ_Avail,Tables!$B$21:$J$21,0)),"–"),"–")) -> Zone 2 | Q66: =IF(QZ_Substance="","",IF(AND($E66,$F66),IFERROR(IF(ISNUMBER(FIND("(",$P66)),VALUE(MID($P66,FIND("(",$P66)+6,1)),VALUE(MID($P66,FIND("Zone ",$P66)+5,1))),"–"),"–")) -> 2 | R66: =IF(QZ_Substance="","",IF(AND($E66,$F66),IFERROR(ISNUMBER(FIND(" NE)",$P66)),"–"),"–")) -> FALSE | S66: =IF(QZ_Substance="","",IF(AND($E66,$F66),IFERROR(IF($O66="Low",9999,(3*$M66/(2*PI()))^(1/3)),"–"),"–")) -> 2.6540041 | T66: =IF(QZ_Substance="","",IF(AND($E66,$F66),IFERROR(IF(ISNUMBER(FIND(" + ",$P66)),VALUE(MID($P66,FIND(" + ",$P66)+8,1)),IF(AND(ISNUMBER(FIND("(",$P66)),LEFT($P66,4)="Zone"),VALUE(MID($P66,6,1)),"–")),"–"),"–")) -> – | U66: =IF(QZ_Substance="","",IF(AND($E66,$F66),IFERROR(QZ_f*$J66/QZ_C2,"–"),"–")) -> 234.91709 | V66: =IF(QZ_Substance="","",IF(AND($E66,$F66),IFERROR(MIN($U66,$L66),"–"),"–")) -> 234.91709 | W66: =IF(QZ_Substance="","",IF(AND($E66,$F66),IFERROR($L66<$U66,"–"),"–")) -> FALSE | X66: =IF(QZ_Substance="","",IF(AND($E66,$F66),IFERROR(IF(ISNUMBER($T66),IF(AND(NOT(QZ_Outdoor),$V66>=QZ_RoomVol),9999,(3*$V66/(2*PI()))^(1/3)),"–"),"–"),"–")) -> – | Y66: =IF(QZ_Substance="","",IF(AND($E66,$F66),IFERROR(-QZ_f/QZ_C*LN(QZ_LFL*$I66/Tables!$B$6)/60,"–"),"–")) -> 211.93269 | Z66: =IF(QZ_Substance="","",IF(AND($E66,$F66),IFERROR(OR(ISNUMBER(SEARCH(" or ",$P66)),ISNUMBER(SEARCH("even",$P66))),"–"),"–")) -> FALSE | AA66: =IF(QZ_Substance="","",IF(NOT($E66),"",IF(NOT($F66),0,IF(AND(ISNUMBER($Q66),$Q66=0,$R66=FALSE),$S66,IF(AND(ISNUMBER($T66),$T66=0),$X66,""))))) | AB66: =IF(QZ_Substance="","",IF(NOT($E66),"",IF(NOT($F66),"",IF(AND(ISNUMBER($Q66),$Q66=1,$R66=FALSE),$S66,IF(AND(ISNUMBER($T66),$T66=1),$X66,""))))) | AC66: =IF(QZ_Substance="","",IF(NOT($E66),"",IF(NOT($F66),"",IF(AND(ISNUMBER($Q66),$Q66=2,$R66=FALSE),$S66,IF(AND(ISNUMBER($T66),$T66=2),$X66,""))))) -> 2.6540041 | AD66: =IF(QZ_Substance="","",IF(AND($E66,$F66),IF(AND(ISNUMBER($Q66),$Q66=0,$R66=TRUE),$S66,""),"")) | AE66: =IF(QZ_Substance="","",IF(AND($E66,$F66),IF(AND(ISNUMBER($Q66),$Q66=1,$R66=TRUE),$S66,""),"")) | AF66: =IF(QZ_Substance="","",IF(AND($E66,$F66),IF(AND(ISNUMBER($Q66),$Q66=2,$R66=TRUE),$S66,""),""))
B67: =Tables!$A$47 -> Wiping with solvent rags | C67: Continuous | D67: =IF(QZ_Substance="","",IF(QZ_IsGas,"Vapour space inside the solvent container","Vapour space inside the solvent container")) -> Vapour space inside the solvent container | E67: =IF(QZ_Substance="","",QZ_Interior) -> TRUE | F67: FALSE | G67: =IF(QZ_Substance="","","–") -> – | H67: =IF(QZ_Substance="","","–") -> – | I67: =IF(QZ_Substance="","",IF(AND($E67,$F67),IFERROR(INDEX(Tables!$B$15:$B$17,MATCH($C67,Tables!$A$15:$A$17,0)),"–"),"–")) -> – | J67: =IF(QZ_Substance="","",IF(AND($E67,$F67),IFERROR($G67/($I67*QZ_LELm)*QZ_TK/Tables!$B$9,"–"),"–")) -> – | K67: =IF(QZ_Substance="","",IF(AND($E67,$F67),IFERROR(QZ_f*$J67/QZ_C,"–"),"–")) -> – | L67: =IF(QZ_Substance="","",IF(AND($E67,$F67),IFERROR($H67/($I67*QZ_LELm)*QZ_TK/Tables!$B$9,"–"),"–")) -> – | M67: =IF(QZ_Substance="","",IF(AND($E67,$F67),IFERROR(MIN($K67,$L67),"–"),"–")) -> – | N67: =IF(QZ_Substance="","",IF(AND($E67,$F67),IFERROR($L67<$K67,"–"),"–")) -> – | O67: =IF(QZ_Substance="","",IF(AND($E67,$F67),IFERROR(IF($M67<Tables!$B$7,"High",IF(QZ_Outdoor,"Medium",IF($M67<QZ_RoomVol,"Medium","Low"))),"–"),"–")) -> – | P67: =IF(QZ_Substance="","",IF(AND($E67,$F67),IFERROR(INDEX(Tables!$B$22:$J$24,MATCH($C67,Tables!$A$22:$A$24,0),MATCH($O67&"-"&QZ_Avail,Tables!$B$21:$J$21,0)),"–"),"–")) -> – | Q67: =IF(QZ_Substance="","",IF(AND($E67,$F67),IFERROR(IF(ISNUMBER(FIND("(",$P67)),VALUE(MID($P67,FIND("(",$P67)+6,1)),VALUE(MID($P67,FIND("Zone ",$P67)+5,1))),"–"),"–")) -> – | R67: =IF(QZ_Substance="","",IF(AND($E67,$F67),IFERROR(ISNUMBER(FIND(" NE)",$P67)),"–"),"–")) -> – | S67: =IF(QZ_Substance="","",IF(AND($E67,$F67),IFERROR(IF($O67="Low",9999,(3*$M67/(2*PI()))^(1/3)),"–"),"–")) -> – | T67: =IF(QZ_Substance="","",IF(AND($E67,$F67),IFERROR(IF(ISNUMBER(FIND(" + ",$P67)),VALUE(MID($P67,FIND(" + ",$P67)+8,1)),IF(AND(ISNUMBER(FIND("(",$P67)),LEFT($P67,4)="Zone"),VALUE(MID($P67,6,1)),"–")),"–"),"–")) -> – | U67: =IF(QZ_Substance="","",IF(AND($E67,$F67),IFERROR(QZ_f*$J67/QZ_C2,"–"),"–")) -> – | V67: =IF(QZ_Substance="","",IF(AND($E67,$F67),IFERROR(MIN($U67,$L67),"–"),"–")) -> – | W67: =IF(QZ_Substance="","",IF(AND($E67,$F67),IFERROR($L67<$U67,"–"),"–")) -> – | X67: =IF(QZ_Substance="","",IF(AND($E67,$F67),IFERROR(IF(ISNUMBER($T67),IF(AND(NOT(QZ_Outdoor),$V67>=QZ_RoomVol),9999,(3*$V67/(2*PI()))^(1/3)),"–"),"–"),"–")) -> – | Y67: =IF(QZ_Substance="","",IF(AND($E67,$F67),IFERROR(-QZ_f/QZ_C*LN(QZ_LFL*$I67/Tables!$B$6)/60,"–"),"–")) -> – | Z67: =IF(QZ_Substance="","",IF(AND($E67,$F67),IFERROR(OR(ISNUMBER(SEARCH(" or ",$P67)),ISNUMBER(SEARCH("even",$P67))),"–"),"–")) -> – | AA67: =IF(QZ_Substance="","",IF(NOT($E67),"",IF(NOT($F67),0,IF(AND(ISNUMBER($Q67),$Q67=0,$R67=FALSE),$S67,IF(AND(ISNUMBER($T67),$T67=0),$X67,""))))) -> 0 | AB67: =IF(QZ_Substance="","",IF(NOT($E67),"",IF(NOT($F67),"",IF(AND(ISNUMBER($Q67),$Q67=1,$R67=FALSE),$S67,IF(AND(ISNUMBER($T67),$T67=1),$X67,""))))) | AC67: =IF(QZ_Substance="","",IF(NOT($E67),"",IF(NOT($F67),"",IF(AND(ISNUMBER($Q67),$Q67=2,$R67=FALSE),$S67,IF(AND(ISNUMBER($T67),$T67=2),$X67,""))))) | AD67: =IF(QZ_Substance="","",IF(AND($E67,$F67),IF(AND(ISNUMBER($Q67),$Q67=0,$R67=TRUE),$S67,""),"")) | AE67: =IF(QZ_Substance="","",IF(AND($E67,$F67),IF(AND(ISNUMBER($Q67),$Q67=1,$R67=TRUE),$S67,""),"")) | AF67: =IF(QZ_Substance="","",IF(AND($E67,$F67),IF(AND(ISNUMBER($Q67),$Q67=2,$R67=TRUE),$S67,""),""))
B68: =Tables!$A$47 -> Wiping with solvent rags | C68: Primary | D68: =IF(QZ_Substance="","",IF(QZ_IsGas,"Release while wiping","Evaporation from the wet rag and the wiped surface")) -> Evaporation from the wet rag and the wiped surface | E68: =IF(QZ_Substance="","",TRUE) -> TRUE | F68: TRUE | G68: =IF(QZ_Substance="","",IF(AND($E68,$F68),IFERROR(QZ_W_Wipe,"–"),"–")) -> 1.2499751e-05 | H68: =IF(QZ_Substance="","",IF(AND($E68,$F68),IFERROR(QZ_M_All,"–"),"–")) -> 21.675 | I68: =IF(QZ_Substance="","",IF(AND($E68,$F68),IFERROR(INDEX(Tables!$B$15:$B$17,MATCH($C68,Tables!$A$15:$A$17,0)),"–"),"–")) -> 0.25 | J68: =IF(QZ_Substance="","",IF(AND($E68,$F68),IFERROR($G68/($I68*QZ_LELm)*QZ_TK/Tables!$B$9,"–"),"–")) -> 0.0013050949 | K68: =IF(QZ_Substance="","",IF(AND($E68,$F68),IFERROR(QZ_f*$J68/QZ_C,"–"),"–")) -> 3.1322279 | L68: =IF(QZ_Substance="","",IF(AND($E68,$F68),IFERROR($H68/($I68*QZ_LELm)*QZ_TK/Tables!$B$9,"–"),"–")) -> 2263.0796 | M68: =IF(QZ_Substance="","",IF(AND($E68,$F68),IFERROR(MIN($K68,$L68),"–"),"–")) -> 3.1322279 | N68: =IF(QZ_Substance="","",IF(AND($E68,$F68),IFERROR($L68<$K68,"–"),"–")) -> FALSE | O68: =IF(QZ_Substance="","",IF(AND($E68,$F68),IFERROR(IF($M68<Tables!$B$7,"High",IF(QZ_Outdoor,"Medium",IF($M68<QZ_RoomVol,"Medium","Low"))),"–"),"–")) -> Medium | P68: =IF(QZ_Substance="","",IF(AND($E68,$F68),IFERROR(INDEX(Tables!$B$22:$J$24,MATCH($C68,Tables!$A$22:$A$24,0),MATCH($O68&"-"&QZ_Avail,Tables!$B$21:$J$21,0)),"–"),"–")) -> Zone 1 | Q68: =IF(QZ_Substance="","",IF(AND($E68,$F68),IFERROR(IF(ISNUMBER(FIND("(",$P68)),VALUE(MID($P68,FIND("(",$P68)+6,1)),VALUE(MID($P68,FIND("Zone ",$P68)+5,1))),"–"),"–")) -> 1 | R68: =IF(QZ_Substance="","",IF(AND($E68,$F68),IFERROR(ISNUMBER(FIND(" NE)",$P68)),"–"),"–")) -> FALSE | S68: =IF(QZ_Substance="","",IF(AND($E68,$F68),IFERROR(IF($O68="Low",9999,(3*$M68/(2*PI()))^(1/3)),"–"),"–")) -> 1.1435757 | T68: =IF(QZ_Substance="","",IF(AND($E68,$F68),IFERROR(IF(ISNUMBER(FIND(" + ",$P68)),VALUE(MID($P68,FIND(" + ",$P68)+8,1)),IF(AND(ISNUMBER(FIND("(",$P68)),LEFT($P68,4)="Zone"),VALUE(MID($P68,6,1)),"–")),"–"),"–")) -> – | U68: =IF(QZ_Substance="","",IF(AND($E68,$F68),IFERROR(QZ_f*$J68/QZ_C2,"–"),"–")) -> 18.793367 | V68: =IF(QZ_Substance="","",IF(AND($E68,$F68),IFERROR(MIN($U68,$L68),"–"),"–")) -> 18.793367 | W68: =IF(QZ_Substance="","",IF(AND($E68,$F68),IFERROR($L68<$U68,"–"),"–")) -> FALSE | X68: =IF(QZ_Substance="","",IF(AND($E68,$F68),IFERROR(IF(ISNUMBER($T68),IF(AND(NOT(QZ_Outdoor),$V68>=QZ_RoomVol),9999,(3*$V68/(2*PI()))^(1/3)),"–"),"–"),"–")) -> – | Y68: =IF(QZ_Substance="","",IF(AND($E68,$F68),IFERROR(-QZ_f/QZ_C*LN(QZ_LFL*$I68/Tables!$B$6)/60,"–"),"–")) -> 239.65858 | Z68: =IF(QZ_Substance="","",IF(AND($E68,$F68),IFERROR(OR(ISNUMBER(SEARCH(" or ",$P68)),ISNUMBER(SEARCH("even",$P68))),"–"),"–")) -> FALSE | AA68: =IF(QZ_Substance="","",IF(NOT($E68),"",IF(NOT($F68),0,IF(AND(ISNUMBER($Q68),$Q68=0,$R68=FALSE),$S68,IF(AND(ISNUMBER($T68),$T68=0),$X68,""))))) | AB68: =IF(QZ_Substance="","",IF(NOT($E68),"",IF(NOT($F68),"",IF(AND(ISNUMBER($Q68),$Q68=1,$R68=FALSE),$S68,IF(AND(ISNUMBER($T68),$T68=1),$X68,""))))) -> 1.1435757 | AC68: =IF(QZ_Substance="","",IF(NOT($E68),"",IF(NOT($F68),"",IF(AND(ISNUMBER($Q68),$Q68=2,$R68=FALSE),$S68,IF(AND(ISNUMBER($T68),$T68=2),$X68,""))))) | AD68: =IF(QZ_Substance="","",IF(AND($E68,$F68),IF(AND(ISNUMBER($Q68),$Q68=0,$R68=TRUE),$S68,""),"")) | AE68: =IF(QZ_Substance="","",IF(AND($E68,$F68),IF(AND(ISNUMBER($Q68),$Q68=1,$R68=TRUE),$S68,""),"")) | AF68: =IF(QZ_Substance="","",IF(AND($E68,$F68),IF(AND(ISNUMBER($Q68),$Q68=2,$R68=TRUE),$S68,""),""))
B69: =Tables!$A$47 -> Wiping with solvent rags | C69: Secondary | D69: =IF(QZ_Substance="","",IF(QZ_IsGas,"Leak from a joint, valve or fitting","Spill of the full amount")) -> Spill of the full amount | E69: =IF(QZ_Substance="","",TRUE) -> TRUE | F69: TRUE | G69: =IF(QZ_Substance="","",IF(AND($E69,$F69),IFERROR(QZ_W_Spill,"–"),"–")) -> 0.00031249379 | H69: =IF(QZ_Substance="","",IF(AND($E69,$F69),IFERROR(QZ_M_All,"–"),"–")) -> 21.675 | I69: =IF(QZ_Substance="","",IF(AND($E69,$F69),IFERROR(INDEX(Tables!$B$15:$B$17,MATCH($C69,Tables!$A$15:$A$17,0)),"–"),"–")) -> 0.5 | J69: =IF(QZ_Substance="","",IF(AND($E69,$F69),IFERROR($G69/($I69*QZ_LELm)*QZ_TK/Tables!$B$9,"–"),"–")) -> 0.016313687 | K69: =IF(QZ_Substance="","",IF(AND($E69,$F69),IFERROR(QZ_f*$J69/QZ_C,"–"),"–")) -> 39.152848 | L69: =IF(QZ_Substance="","",IF(AND($E69,$F69),IFERROR($H69/($I69*QZ_LELm)*QZ_TK/Tables!$B$9,"–"),"–")) -> 1131.5398 | M69: =IF(QZ_Substance="","",IF(AND($E69,$F69),IFERROR(MIN($K69,$L69),"–"),"–")) -> 39.152848 | N69: =IF(QZ_Substance="","",IF(AND($E69,$F69),IFERROR($L69<$K69,"–"),"–")) -> FALSE | O69: =IF(QZ_Substance="","",IF(AND($E69,$F69),IFERROR(IF($M69<Tables!$B$7,"High",IF(QZ_Outdoor,"Medium",IF($M69<QZ_RoomVol,"Medium","Low"))),"–"),"–")) -> Medium | P69: =IF(QZ_Substance="","",IF(AND($E69,$F69),IFERROR(INDEX(Tables!$B$22:$J$24,MATCH($C69,Tables!$A$22:$A$24,0),MATCH($O69&"-"&QZ_Avail,Tables!$B$21:$J$21,0)),"–"),"–")) -> Zone 2 | Q69: =IF(QZ_Substance="","",IF(AND($E69,$F69),IFERROR(IF(ISNUMBER(FIND("(",$P69)),VALUE(MID($P69,FIND("(",$P69)+6,1)),VALUE(MID($P69,FIND("Zone ",$P69)+5,1))),"–"),"–")) -> 2 | R69: =IF(QZ_Substance="","",IF(AND($E69,$F69),IFERROR(ISNUMBER(FIND(" NE)",$P69)),"–"),"–")) -> FALSE | S69: =IF(QZ_Substance="","",IF(AND($E69,$F69),IFERROR(IF($O69="Low",9999,(3*$M69/(2*PI()))^(1/3)),"–"),"–")) -> 2.6540041 | T69: =IF(QZ_Substance="","",IF(AND($E69,$F69),IFERROR(IF(ISNUMBER(FIND(" + ",$P69)),VALUE(MID($P69,FIND(" + ",$P69)+8,1)),IF(AND(ISNUMBER(FIND("(",$P69)),LEFT($P69,4)="Zone"),VALUE(MID($P69,6,1)),"–")),"–"),"–")) -> – | U69: =IF(QZ_Substance="","",IF(AND($E69,$F69),IFERROR(QZ_f*$J69/QZ_C2,"–"),"–")) -> 234.91709 | V69: =IF(QZ_Substance="","",IF(AND($E69,$F69),IFERROR(MIN($U69,$L69),"–"),"–")) -> 234.91709 | W69: =IF(QZ_Substance="","",IF(AND($E69,$F69),IFERROR($L69<$U69,"–"),"–")) -> FALSE | X69: =IF(QZ_Substance="","",IF(AND($E69,$F69),IFERROR(IF(ISNUMBER($T69),IF(AND(NOT(QZ_Outdoor),$V69>=QZ_RoomVol),9999,(3*$V69/(2*PI()))^(1/3)),"–"),"–"),"–")) -> – | Y69: =IF(QZ_Substance="","",IF(AND($E69,$F69),IFERROR(-QZ_f/QZ_C*LN(QZ_LFL*$I69/Tables!$B$6)/60,"–"),"–")) -> 211.93269 | Z69: =IF(QZ_Substance="","",IF(AND($E69,$F69),IFERROR(OR(ISNUMBER(SEARCH(" or ",$P69)),ISNUMBER(SEARCH("even",$P69))),"–"),"–")) -> FALSE | AA69: =IF(QZ_Substance="","",IF(NOT($E69),"",IF(NOT($F69),0,IF(AND(ISNUMBER($Q69),$Q69=0,$R69=FALSE),$S69,IF(AND(ISNUMBER($T69),$T69=0),$X69,""))))) | AB69: =IF(QZ_Substance="","",IF(NOT($E69),"",IF(NOT($F69),"",IF(AND(ISNUMBER($Q69),$Q69=1,$R69=FALSE),$S69,IF(AND(ISNUMBER($T69),$T69=1),$X69,""))))) | AC69: =IF(QZ_Substance="","",IF(NOT($E69),"",IF(NOT($F69),"",IF(AND(ISNUMBER($Q69),$Q69=2,$R69=FALSE),$S69,IF(AND(ISNUMBER($T69),$T69=2),$X69,""))))) -> 2.6540041 | AD69: =IF(QZ_Substance="","",IF(AND($E69,$F69),IF(AND(ISNUMBER($Q69),$Q69=0,$R69=TRUE),$S69,""),"")) | AE69: =IF(QZ_Substance="","",IF(AND($E69,$F69),IF(AND(ISNUMBER($Q69),$Q69=1,$R69=TRUE),$S69,""),"")) | AF69: =IF(QZ_Substance="","",IF(AND($E69,$F69),IF(AND(ISNUMBER($Q69),$Q69=2,$R69=TRUE),$S69,""),""))
B70: Radii are exact: the radius of a hemisphere of volume Vz, with no rounding and no minimum. Vz used is the smaller of the steady Vz and the most the amount can make at k × LFL. 9999 = whole room. "To Zone" columns carry the radius each source adds to that zone; NE columns carry zones of negligible extent (Vz under 0.1 m³).
B72: 4. Zoning regime, by activity
B73: Activity | C73: Zone 0 inside? | D73: Zone 0 from sources (m) | E73: Zone 1 from sources (m) | F73: Zone 2 from sources (m) | G73: Zone 0 NE (m) | H73: Zone 1 NE (m) | I73: Zone 2 NE (m) | J73: Zone 0 (m) | K73: Zone 1 (m) | L73: Zone 2 (m) | M73: Zone 0 extent | N73: Zone 1 extent | O73: Zone 2 extent | P73: Zone 0 present | Q73: Zone 1 present | R73: Zone 2 present | S73: Headline | T73: EPL Zone 0 | U73: EPL Zone 1 | V73: EPL Zone 2 | W73: Largest finite radius (m) | X73: Whole-room plot radius (m) | Y73: Plot Zone 0 (m) | Z73: Plot Zone 1 (m) | AA73: Plot Zone 2 (m) | AB73: Most onerous EPL | AC73: Low dilution? | AD73: Limited by the amount?
B74: =Tables!$A$43 -> Closed containers / sealed system | C74: =IF(QZ_Substance="","",QZ_Interior) -> TRUE | D74: =IF(QZ_Substance="","",IF(COUNT($AA$55:$AA$57)=0,-1,MAX($AA$55:$AA$57))) -> 0 | E74: =IF(QZ_Substance="","",IF(COUNT($AB$55:$AB$57)=0,-1,MAX($AB$55:$AB$57))) -> -1 | F74: =IF(QZ_Substance="","",IF(COUNT($AC$55:$AC$57)=0,-1,MAX($AC$55:$AC$57))) -> 2.6540041 | G74: =IF(QZ_Substance="","",IF(COUNT($AD$55:$AD$57)=0,-1,MAX($AD$55:$AD$57))) -> -1 | H74: =IF(QZ_Substance="","",IF(COUNT($AE$55:$AE$57)=0,-1,MAX($AE$55:$AE$57))) -> -1 | I74: =IF(QZ_Substance="","",IF(COUNT($AF$55:$AF$57)=0,-1,MAX($AF$55:$AF$57))) -> -1 | J74: =IF(QZ_Substance="","",IF($D74>=0,$D74,IF($C74,0,-1))) -> 0 | K74: =IF(QZ_Substance="","",IF($J74>=9999,-2,IF($E74<0,-1,IF($E74>=9999,9999,IF(AND($J74>0,$E74<=$J74),-3,$E74))))) -> -1 | L74: =IF(QZ_Substance="","",IF(OR($J74>=9999,$K74>=9999),-2,IF($F74<0,-1,IF($F74>=9999,9999,IF(AND(MAX($J74,$K74)>0,$F74<=MAX($J74,$K74)),-3,$F74))))) -> 2.6540041 | M74: =IF(QZ_Substance="","",IF($J74=-1,IF($G74>=0,"Negligible (NE), "&TEXT($G74,"0.00")&" m","None"),IF($J74>=9999,"Whole room",IF($J74=0,"Inside the containers",IF($C74,"Inside + "&TEXT($J74,"0.00")&" m",TEXT($J74,"0.00")&" m"))))) -> Inside the containers | N74: =IF(QZ_Substance="","",IF($K74=-2,"Within whole-room Zone 0",IF($K74=-3,"Within Zone 0",IF($K74=-1,IF($H74>=0,"Negligible (NE), "&TEXT($H74,"0.00")&" m","None"),IF($K74>=9999,"Whole room",TEXT($K74,"0.00")&" m"))))) -> None | O74: =IF(QZ_Substance="","",IF($L74=-2,IF($J74>=9999,"Within whole-room Zone 0","Within whole-room Zone 1"),IF($L74=-3,IF($K74>0,"Within Zone 1","Within Zone 0"),IF($L74=-1,IF($I74>=0,"Negligible (NE), "&TEXT($I74,"0.00")&" m","None"),IF($L74>=9999,"Whole room",TEXT($L74,"0.00")&" m"))))) -> 2.65 m | P74: =IF(QZ_Substance="","",OR($J74>0,AND($J74=0,$C74))) -> TRUE | Q74: =IF(QZ_Substance="","",$K74>0) -> FALSE | R74: =IF(QZ_Substance="","",$L74>0) -> TRUE | S74: =IF(QZ_Substance="","",IF(QZ_BelowFP,"No zone normally needed",CHOOSE($P74*4+$Q74*2+$R74+1,"Non-hazardous","Zone 2 only","Zone 1 only","Zone 1 and Zone 2","Zone 0 only","Zone 0 and Zone 2","Zone 0 and Zone 1","Zone 0, Zone 1 and Zone 2"))) -> Zone 0 and Zone 2 | T74: =IF(QZ_Substance="","",IF($P74,"Ga",IF(AND($J74=-1,$G74>=0),"Not needed (NE)","–"))) -> Ga | U74: =IF(QZ_Substance="","",IF($Q74,"Gb",IF(AND($K74=-1,$H74>=0),"Not needed (NE)","–"))) -> – | V74: =IF(QZ_Substance="","",IF($R74,"Gc",IF(AND($L74=-1,$I74>=0),"Not needed (NE)","–"))) -> Gc | W74: =IF(QZ_Substance="","",MAX($J74*($J74<9999),$K74*($K74<9999),$L74*($L74<9999),0)) -> 2.6540041 | X74: =IF(QZ_Substance="","",MAX(N(QZ_RoomR),$W74*1.2,0.5)) -> 3.2573501 | Y74: =IF(QZ_Substance="","",IF($J74>=9999,$X74,IF($J74>0,$J74,IF(AND($J74=0,$C74),MIN(0.3,MAX(0.05,0.12*$W74)),0)))) -> 0.3 | Z74: =IF(QZ_Substance="","",IF($K74>=9999,$X74,IF($K74>0,$K74,0))) -> 0 | AA74: =IF(QZ_Substance="","",IF($L74>=9999,$X74,IF($L74>0,$L74,0))) -> 2.6540041 | AB74: =IF(QZ_Substance="","",IF($P74,"Ga",IF($Q74,"Gb",IF($R74,"Gc","None")))) -> Ga | AC74: =IF(QZ_Substance="","",COUNTIF($Z$55:$Z$57,TRUE)>0) -> FALSE | AD74: =IF(QZ_Substance="","",OR(COUNTIF($N$55:$N$57,TRUE)>0,COUNTIF($W$55:$W$57,TRUE)>0)) -> FALSE
B75: =Tables!$A$44 -> Decanting / filling / sampling | C75: =IF(QZ_Substance="","",QZ_Interior) -> TRUE | D75: =IF(QZ_Substance="","",IF(COUNT($AA$58:$AA$60)=0,-1,MAX($AA$58:$AA$60))) -> 0 | E75: =IF(QZ_Substance="","",IF(COUNT($AB$58:$AB$60)=0,-1,MAX($AB$58:$AB$60))) -> 0.5186388 | F75: =IF(QZ_Substance="","",IF(COUNT($AC$58:$AC$60)=0,-1,MAX($AC$58:$AC$60))) -> 2.6540041 | G75: =IF(QZ_Substance="","",IF(COUNT($AD$58:$AD$60)=0,-1,MAX($AD$58:$AD$60))) -> -1 | H75: =IF(QZ_Substance="","",IF(COUNT($AE$58:$AE$60)=0,-1,MAX($AE$58:$AE$60))) -> -1 | I75: =IF(QZ_Substance="","",IF(COUNT($AF$58:$AF$60)=0,-1,MAX($AF$58:$AF$60))) -> -1 | J75: =IF(QZ_Substance="","",IF($D75>=0,$D75,IF($C75,0,-1))) -> 0 | K75: =IF(QZ_Substance="","",IF($J75>=9999,-2,IF($E75<0,-1,IF($E75>=9999,9999,IF(AND($J75>0,$E75<=$J75),-3,$E75))))) -> 0.5186388 | L75: =IF(QZ_Substance="","",IF(OR($J75>=9999,$K75>=9999),-2,IF($F75<0,-1,IF($F75>=9999,9999,IF(AND(MAX($J75,$K75)>0,$F75<=MAX($J75,$K75)),-3,$F75))))) -> 2.6540041 | M75: =IF(QZ_Substance="","",IF($J75=-1,IF($G75>=0,"Negligible (NE), "&TEXT($G75,"0.00")&" m","None"),IF($J75>=9999,"Whole room",IF($J75=0,"Inside the container",IF($C75,"Inside + "&TEXT($J75,"0.00")&" m",TEXT($J75,"0.00")&" m"))))) -> Inside the container | N75: =IF(QZ_Substance="","",IF($K75=-2,"Within whole-room Zone 0",IF($K75=-3,"Within Zone 0",IF($K75=-1,IF($H75>=0,"Negligible (NE), "&TEXT($H75,"0.00")&" m","None"),IF($K75>=9999,"Whole room",TEXT($K75,"0.00")&" m"))))) -> 0.52 m | O75: =IF(QZ_Substance="","",IF($L75=-2,IF($J75>=9999,"Within whole-room Zone 0","Within whole-room Zone 1"),IF($L75=-3,IF($K75>0,"Within Zone 1","Within Zone 0"),IF($L75=-1,IF($I75>=0,"Negligible (NE), "&TEXT($I75,"0.00")&" m","None"),IF($L75>=9999,"Whole room",TEXT($L75,"0.00")&" m"))))) -> 2.65 m | P75: =IF(QZ_Substance="","",OR($J75>0,AND($J75=0,$C75))) -> TRUE | Q75: =IF(QZ_Substance="","",$K75>0) -> TRUE | R75: =IF(QZ_Substance="","",$L75>0) -> TRUE | S75: =IF(QZ_Substance="","",IF(QZ_BelowFP,"No zone normally needed",CHOOSE($P75*4+$Q75*2+$R75+1,"Non-hazardous","Zone 2 only","Zone 1 only","Zone 1 and Zone 2","Zone 0 only","Zone 0 and Zone 2","Zone 0 and Zone 1","Zone 0, Zone 1 and Zone 2"))) -> Zone 0, Zone 1 and Zone 2 | T75: =IF(QZ_Substance="","",IF($P75,"Ga",IF(AND($J75=-1,$G75>=0),"Not needed (NE)","–"))) -> Ga | U75: =IF(QZ_Substance="","",IF($Q75,"Gb",IF(AND($K75=-1,$H75>=0),"Not needed (NE)","–"))) -> Gb | V75: =IF(QZ_Substance="","",IF($R75,"Gc",IF(AND($L75=-1,$I75>=0),"Not needed (NE)","–"))) -> Gc | W75: =IF(QZ_Substance="","",MAX($J75*($J75<9999),$K75*($K75<9999),$L75*($L75<9999),0)) -> 2.6540041 | X75: =IF(QZ_Substance="","",MAX(N(QZ_RoomR),$W75*1.2,0.5)) -> 3.2573501 | Y75: =IF(QZ_Substance="","",IF($J75>=9999,$X75,IF($J75>0,$J75,IF(AND($J75=0,$C75),MIN(0.3,MAX(0.05,0.12*$W75)),0)))) -> 0.3 | Z75: =IF(QZ_Substance="","",IF($K75>=9999,$X75,IF($K75>0,$K75,0))) -> 0.5186388 | AA75: =IF(QZ_Substance="","",IF($L75>=9999,$X75,IF($L75>0,$L75,0))) -> 2.6540041 | AB75: =IF(QZ_Substance="","",IF($P75,"Ga",IF($Q75,"Gb",IF($R75,"Gc","None")))) -> Ga | AC75: =IF(QZ_Substance="","",COUNTIF($Z$58:$Z$60,TRUE)>0) -> FALSE | AD75: =IF(QZ_Substance="","",OR(COUNTIF($N$58:$N$60,TRUE)>0,COUNTIF($W$58:$W$60,TRUE)>0)) -> TRUE
